Census tract,County,total17,total10,black17,black10,Change in black population,income2017,income2010,income,collegewhite17,collegewhite10,nodiploma17,highschoolgrad17,collegedegree17,nodiploma10,highschoolgrad10,collegedegree10,homeprice17,homeprice10,homeprice,employed17,white1_17,white2_17,white3_17,whitecollar17,employed10,white1_10,white2_10,white3_10,whitecollar10,whitecollar,early_late17,early_late10,privateschool17,totalpop17,privateschool10,totalpop10,moved17,moved10
1400000US37037020103,Chatham,4557,3784,301,276,25,83750,100104,-16354,1835,1844,493,773,2118,137,827,1984,463500,495200,-31700,1969,44.8,18.8,12.7,76.3,1844,54.9,11.9,25.9,92.7,-16.4,1062,2686,193,4452,195,3686,4.62,2.82360406
1400000US37037020104,Chatham,4841,4546,123,139,-16,84638,86212,-1574,2975,2659,67,950,3042,92,922,2829,356000,354400,1600,1540,69.4,5.3,19,93.7,1476,60.7,11.3,18.5,90.5,3.2,863,2140,54,4748,151,4384,6.49,3.82582431
1400000US37037020105,Chatham,4334,2342,112,182,-70,87773,79736,8037,1976,1085,72,935,2264,20,539,1144,305700,233600,72100,2292,61.2,12.6,18.8,92.6,1366,65.3,4.9,18.1,88.3,4.3,1175,1800,215,4177,59,2240,3.07,2.27390181
1400000US37037020106,Chatham,4483,3548,429,514,-85,78897,57372,21525,1355,1217,159,1386,1572,123,1163,1306,322900,239800,83100,2333,52.3,10.7,29.2,92.2,2104,54.7,17.5,13.4,85.6,6.6,1425,3541,117,4410,61,3455,4.96,4.87057221
1400000US37037020200,Chatham,7792,7864,803,562,241,64987,62574,2413,1681,1515,648,3148,1903,563,3498,1659,222800,198500,24300,4150,32.8,15.9,24.6,73.3,4147,35.2,15.3,25.6,76.1,-2.8,2857,6811,405,7665,224,7664,0,3.21079572
1400000US37037020300,Chatham,2708,2814,470,509,-39,43594,44306,-712,275,321,411,1150,335,438,1323,375,152900,124800,28100,1018,28.8,14.9,22.4,66.1,1336,23.1,23.7,18.8,65.6,0.5,815,2362,70,2616,25,2726,0.89,0
1400000US37037020401,Chatham,5769,5365,1279,1026,253,35952,31146,4806,400,384,1241,1986,461,1540,1532,458,115000,95300,19700,2400,20.2,17,17.2,54.4,2095,16.8,18.7,14.6,50.1,4.3,1645,3747,62,5539,9,5085,1.43,0.27329193
1400000US37037020402,Chatham,5016,5457,1380,1184,196,23848,33169,-9321,155,50,1125,1637,225,1507,1166,199,112800,88800,24000,2073,12.5,33.3,11.5,57.3,2400,11.5,13.5,13.9,38.9,18.4,1643,3970,29,4680,13,5133,1.34,1.56167284
1400000US37037020500,Chatham,3635,4001,254,349,-95,44070,41961,2109,349,461,477,1677,368,443,1833,493,136200,107300,28900,1648,29.4,21.9,14,65.3,1776,33.1,15.5,22.3,70.9,-5.6,1220,3067,69,3487,47,3864,0,0.32102729
1400000US37037020600,Chatham,5720,5811,1105,1135,-30,54914,55357,-443,880,578,526,2759,883,583,2763,744,166200,119000,47200,2947,43.1,17.4,16.2,76.7,3094,32.2,18.9,18.7,69.8,6.9,2262,5166,63,5552,135,5672,0.43,0.52631579
1400000US37037020701,Chatham,6478,3935,336,257,79,78305,78459,-154,2883,1450,214,1954,3214,353,1168,1676,349800,360300,-10500,2492,59.7,7.6,25.1,92.4,1828,75.1,6.6,13.9,95.6,-3.2,1477,2489,236,6346,282,3762,5.51,9.4224924
1400000US37037020702,Chatham,3997,3367,260,695,-435,61141,53298,7843,886,555,381,1565,969,322,1391,634,281000,174800,106200,1822,46.5,14.6,20,81.1,1538,39.6,12.2,25.7,77.5,3.6,1195,2535,151,3914,126,3300,0,1.39757264
1400000US37037020800,Chatham,9034,8592,1383,1687,-304,60672,52269,8403,2125,1729,518,3673,2679,1032,3366,1959,254000,210000,44000,4148,44,20.3,22.7,87,3828,46.8,18.9,15.2,80.9,6.1,2933,6032,461,8767,401,8379,0.34,2.29427119
1400000US37063000101,Durham,3074,2993,1416,1335,81,39913,40774,-861,531,314,503,1040,605,436,1000,399,138100,106800,31300,1533,45.1,23.4,15.9,84.4,1371,26,18.5,26,70.5,13.9,885,2309,18,2926,68,2855,2.72,0
1400000US37063000102,Durham,4520,3499,1403,1377,26,37476,38029,-553,868,548,747,1240,1139,466,1188,769,159700,129800,29900,2445,35.5,21,23.6,80.1,1873,35.3,19.8,19.4,74.5,5.6,1561,3018,79,4335,88,3274,7.87,1.78311499
1400000US37063000200,Durham,3319,2833,927,1286,-359,45685,33547,12138,825,660,497,826,1041,466,664,882,223800,176700,47100,1763,47.1,29.2,11,87.3,1689,46.6,14,16.6,77.2,10.1,1116,2470,152,3044,53,2736,4.79,2.52283602
1400000US37063000301,Durham,2618,2120,961,947,14,37222,40457,-3235,512,470,450,792,678,185,697,679,204900,134600,70300,1419,42.6,19.6,20.6,82.8,1341,44.4,18.3,20.7,83.4,-0.6,723,1967,153,2535,150,2096,1.52,6.95102686
1400000US37063000302,Durham,3410,3643,306,783,-477,66299,43831,22468,1573,1052,217,380,1845,319,714,1417,332100,222100,110000,1969,71.6,13.9,9.3,94.8,2190,60.3,14.1,13.5,87.9,6.9,923,3123,452,3276,601,3500,5.52,4.75435816
1400000US37063000401,Durham,2967,2665,94,390,-296,81926,57587,24339,1488,1030,41,544,1670,263,577,1137,280200,243500,36700,1611,71.9,7.4,10.9,90.2,1357,68.2,10.5,17.6,96.3,-6.1,614,1801,322,2789,229,2573,5.79,2.19478738
1400000US37063000402,Durham,2093,1753,90,150,-60,49848,40141,9707,998,788,5,236,1205,65,339,990,273400,167300,106100,1239,78,5.9,10.8,94.7,1024,71.2,12.5,6.9,90.6,4.1,315,1371,657,2072,438,1669,14.97,5.51330798
1400000US37063000500,Durham,4170,3257,2047,1709,338,29542,20776,8766,501,297,609,794,889,480,1140,487,142700,115000,27700,1776,40,29.4,16.3,85.7,1329,29.3,24.1,19.4,72.8,12.9,1104,2282,782,4051,375,3164,9.46,5.31842818
1400000US37063000600,Durham,5734,5899,1450,1770,-320,44740,49714,-4974,1682,1254,557,1646,2077,782,1909,1571,312200,198700,113500,2936,52.2,17.5,13.2,82.9,2838,45.8,18.7,13.4,77.9,5,1486,3873,401,5410,388,5646,7.99,8.52465562
1400000US37063000700,Durham,3745,2698,1135,895,240,51144,55405,-4261,1320,916,298,738,1720,281,558,1159,289000,268600,20400,1786,75,13.4,7.3,95.7,1597,63.2,14.5,10.3,88,7.7,751,2227,227,3538,267,2576,5.67,1.38468196
1400000US37063000900,Durham,2109,1463,1262,1174,88,29552,17404,12148,55,0,504,706,144,303,385,96,103600,74300,29300,984,8.2,33.2,14.8,56.2,482,11.2,21.2,32.4,64.8,-8.6,722,878,46,1970,34,1382,6.24,3.1945789
1400000US37063001001,Durham,3801,3195,2583,1886,697,30800,25025,5775,173,55,956,1193,365,775,1096,147,87100,76700,10400,1717,19.5,35.6,20.9,76,1113,9.5,46.7,8.5,64.7,11.3,1169,1946,62,3679,23,3042,0.99,1.67552105
1400000US37063001002,Durham,6123,5201,2470,2767,-297,30151,28924,1227,30,38,1701,1648,351,1089,1778,176,86100,87000,-900,3084,11.1,43.7,14,68.8,2246,13.5,30.9,16.4,60.8,8,2681,3637,308,5872,97,4920,1.33,4.3334183
1400000US37063001100,Durham,3425,2193,2072,1660,412,22055,18169,3886,174,8,686,1152,309,526,686,40,133600,78600,55000,1361,21.6,41.6,11.9,75.1,777,9.9,43.4,21.2,74.5,0.6,987,1306,125,3243,0,2010,3.55,1.31414268
1400000US37063001301,Durham,1384,1047,1152,917,235,28661,13778,14883,12,0,104,575,133,153,336,65,77400,85500,-8100,569,27.9,34.1,18.6,80.6,330,16.7,30.3,25.5,72.5,8.1,376,503,31,1265,14,1010,0.56,5.77367206
1400000US37063001303,Durham,3646,2778,3114,2504,610,25074,23214,1860,5,0,182,834,280,215,481,142,107900,91500,16400,1443,22.6,26.7,39.1,88.4,739,29.1,25.6,40.3,95,-6.6,909,1132,471,3646,32,2778,4.57,5.89165678
1400000US37063001304,Durham,3305,2551,2409,2044,365,23125,24211,-1086,0,0,448,1145,233,358,851,207,125200,100400,24800,1305,15.6,49.8,15.1,80.5,885,19.4,26.2,13.9,59.5,21,989,1576,92,3130,20,2314,1.8,2.2875817
1400000US37063001400,Durham,2375,3283,2005,3103,-1098,18114,16185,1929,7,0,442,592,224,591,851,188,70200,84700,-14500,605,18.8,17,22.6,58.4,848,16.9,28.2,31,76.1,-17.7,410,1557,63,2167,65,2941,0.46,3.10077519
1400000US37063001501,Durham,2948,4486,745,335,410,11250,9010,2240,14,0,10,19,32,0,47,0,Na,Na,#VALUE!,282,34.4,22.7,39.7,96.8,1391,59.7,5.5,33.3,98.5,-1.7,171,1948,2434,2948,2501,4486,15.06,4.12394115
1400000US37063001502,Durham,6041,5412,1796,1542,254,28868,24129,4739,610,269,633,1206,1797,885,1041,1011,Na,166400,#VALUE!,2832,45,19.7,19.2,83.9,2402,38.2,19.7,21.9,79.8,4.1,1663,3756,1409,5853,590,4941,10.12,8.69565217
1400000US37063001503,Durham,1638,1940,472,137,335,Na,67454,#VALUE!,0,13,0,6,25,26,40,13,Na,Na,#VALUE!,219,33.3,21.9,44.7,99.9,411,43.3,30.9,19.2,93.4,6.5,125,498,1278,1638,827,1940,32.42,73.5386221
1400000US37063001601,Durham,6061,5736,1827,1772,55,80219,70724,9495,1134,1102,303,2441,1771,545,1921,1606,170900,161900,9000,3118,50.8,10,25.4,86.2,2826,47.7,13.4,21.4,82.5,3.7,2125,4646,358,5815,208,5463,1.1,1.09866437
1400000US37063001603,Durham,6488,5771,1218,511,707,76898,80089,-3191,1615,1398,225,2638,1899,385,1920,1712,188100,191300,-3200,3349,49.4,15.5,22.6,87.5,2994,61.1,8.5,19.7,89.3,-1.8,2652,5105,272,6369,168,5547,3.72,3.80721831
1400000US37063001604,Durham,6664,6526,1029,1226,-197,99808,85492,14316,2097,1760,77,1970,2902,228,2264,2167,240000,213900,26100,3304,55.8,9.4,26.5,91.7,3334,59,8.8,15.7,83.5,8.2,2038,4769,283,6410,385,6272,1.47,3.26420891
1400000US37063001705,Durham,5198,4409,1679,908,771,53750,41783,11967,1039,787,477,1812,1484,289,1630,1188,169800,144600,25200,2377,55.8,9.5,17.5,82.8,2254,43.4,13.3,28.3,85,-2.2,1380,3502,559,4977,251,4332,4.8,4.91935484
1400000US37063001706,Durham,4954,4318,1259,1532,-273,49821,45603,4218,1508,1251,307,1005,2334,138,930,1758,212600,179300,33300,2965,68.7,10.8,15.6,95.1,2346,63,9.1,18.1,90.2,4.9,1739,3726,832,4775,663,4051,9.97,3.74812594
1400000US37063001707,Durham,6832,6882,327,461,-134,72616,71680,936,2842,2313,203,1892,3338,431,2199,2637,231600,198500,33100,3213,61.5,8.3,21.4,91.2,3567,56.9,15.1,22.7,94.7,-3.5,1804,5263,582,6575,292,6606,3.28,0.97120463
1400000US37063001708,Durham,5674,3767,3908,2980,928,54583,38811,15772,158,81,699,1370,1306,341,1364,644,155800,146500,9300,2438,35.5,21.9,22.6,80,1540,36.5,19,25.4,80.9,-0.9,1629,2586,172,5441,105,3594,1.2,3.09428467
1400000US37063001709,Durham,6926,5574,4884,4277,607,28985,25765,3220,233,166,842,2291,858,649,1618,798,109800,134700,-24900,2749,22.9,30.3,22.7,75.9,1999,26.5,22.4,28.9,77.8,-1.9,1962,3544,81,6457,202,5318,0,7.65666911
1400000US37063001710,Durham,4402,4277,2046,1612,434,48939,38351,10588,520,351,431,1549,854,599,1471,694,149400,144100,5300,2260,33.1,25.1,24.9,83.1,2153,38.7,19.8,18.8,77.3,5.8,1623,3536,110,4171,127,4005,0.6,0.67340067
1400000US37063001711,Durham,4740,4510,2218,1718,500,38774,33113,5661,388,273,649,1733,868,650,1557,530,126000,118300,7700,2650,32.9,21.6,27.4,81.9,2407,25,25.3,28,78.3,3.6,1746,3834,122,4464,92,4229,2.36,3.00283286
1400000US37063001801,Durham,7903,6060,4063,3527,536,51686,48659,3027,404,203,1208,2793,1313,616,2512,675,137500,132000,5500,3781,27.3,24.8,19.2,71.3,2865,30.4,21.1,31.6,83.1,-11.8,2564,4875,446,7583,276,5879,0.2,1.30416491
1400000US37063001802,Durham,8193,6847,4667,4723,-56,41184,40000,1184,103,179,1374,2952,409,938,2034,886,114600,115000,-400,3695,17.5,34.8,16.7,69,2918,22.3,27.4,27.8,77.5,-8.5,2685,4855,181,7946,162,6445,1.79,3.45107592
1400000US37063001806,Durham,6806,5381,3392,2742,650,57859,62147,-4288,485,309,441,2784,1352,408,2191,971,144500,158700,-14200,3827,33.7,13.6,28.6,75.9,2688,45.3,14.5,27.5,87.3,-11.4,2459,4419,367,6512,192,5257,1.78,5.02305266
1400000US37063001807,Durham,9632,8703,5139,4576,563,64609,60250,4359,784,541,1019,2914,2359,782,3184,1600,142300,145300,-3000,5217,40.8,11.2,24.2,76.2,4664,41.7,13.3,19,74,2.2,3652,7607,280,9098,228,8125,1.17,2.16684724
1400000US37063001808,Durham,8732,3976,3629,1535,2094,96097,89125,6972,1576,480,366,2384,3552,339,1258,1168,232800,209700,23100,5012,61.3,9.6,19,89.9,1995,52.4,10.2,17.5,80.1,9.8,3150,3141,400,8133,151,3685,2.72,2.43341006
1400000US37063001809,Durham,5936,6080,2831,2597,234,55846,50583,5263,865,849,248,1690,1917,395,1691,1983,202100,186100,16000,3426,53.3,10.5,23.5,87.3,3552,44.5,13.3,23.6,81.4,5.9,1911,5589,289,5658,133,5694,3.11,7.22176759
1400000US37063001900,Durham,3453,2201,380,215,165,74675,69773,4902,974,663,109,1344,1339,96,910,751,221000,185900,35100,1997,51.9,11.5,22.7,86.1,1357,45.5,17.4,22.5,85.4,0.7,1208,2053,169,3325,115,2036,3.2,2.22339862
1400000US37063002007,Durham,5172,4963,1703,1398,305,83533,71903,11630,1845,1602,83,1216,2671,342,1411,2245,224600,220000,4600,3096,59.4,13.1,15.1,87.6,2992,53.8,13.6,21.8,89.2,-1.6,1357,4572,184,5048,180,4764,5.76,1.66980245
1400000US37063002008,Durham,3103,2926,164,66,98,138971,134417,4554,1732,1516,8,288,1992,176,372,1626,467600,400600,67000,1628,78.9,4.3,12.9,96.1,1577,62.3,12.5,16.2,91,5.1,905,2340,384,3020,268,2857,3.01,1.71548117
1400000US37063002009,Durham,4556,5172,3397,4301,-904,35790,42302,-6512,0,67,618,2035,589,807,1760,846,105800,113400,-7600,1801,19.6,23.4,26.7,69.7,2320,28.7,32.7,20.3,81.7,-12,1420,3871,64,4384,189,5015,0.74,0
1400000US37063002013,Durham,4447,4558,1145,1096,49,76210,71576,4634,1295,1195,315,1277,1818,72,1298,1724,172400,163700,8700,2486,52,16,19.6,87.6,2505,62,8.5,20.6,91.1,-3.5,1558,3996,151,4321,284,4268,1.37,3.87596899
1400000US37063002015,Durham,5782,4851,1414,1718,-304,40962,41312,-350,1092,827,901,1367,1395,539,1112,1390,180800,162000,18800,2734,39.7,23.2,17.9,80.8,2401,39.5,19.2,22.3,81,-0.2,1593,3766,381,5565,350,4430,5.91,9.18977705
1400000US37063002016,Durham,5941,5359,1934,1414,520,35725,33997,1728,758,730,1252,1284,1329,1220,921,1327,177700,215400,-37700,3247,27.8,26.9,15.1,69.8,2959,33.2,19.8,11.4,64.4,5.4,2076,4601,385,5653,554,5099,9.52,11.3133641
1400000US37063002017,Durham,7506,6319,532,228,304,73944,74773,-829,3461,2844,182,1123,4228,42,1071,3527,308000,310100,-2100,3859,76,8.6,10.3,94.9,2928,73.5,6.3,14.7,94.5,0.4,1871,4101,676,7201,929,6006,2.94,8.19768582
1400000US37063002018,Durham,9481,7984,1730,1029,701,90521,68979,21542,3608,3164,235,1979,4622,209,1520,3897,295700,304500,-8800,5802,62.8,10.8,15.6,89.2,4276,67.3,4,20.9,92.2,-3,2773,6435,627,9294,413,7781,6.33,6.14910478
1400000US37063002019,Durham,4839,4469,569,480,89,82300,53393,28907,2404,1852,24,647,3070,57,470,2441,295000,263100,31900,2941,71.7,7.5,12.3,91.5,2429,73,6.8,18.2,98,-6.5,1473,3454,246,4769,213,4171,8.7,7.54422477
1400000US37063002020,Durham,6893,5025,1230,1335,-105,127554,117835,9719,2421,1683,109,1082,3592,33,724,2819,335600,316000,19600,3769,70.7,9.3,17.5,97.5,3022,76.1,4.1,15.9,96.1,1.4,1709,4269,423,6525,354,4691,1.38,2.52631579
1400000US37063002021,Durham,4410,4154,1100,1416,-316,68684,44675,24009,1486,1213,240,791,2305,102,849,1944,265000,225800,39200,2781,61,17.4,13.5,91.9,2422,64.9,9.5,19.9,94.3,-2.4,1566,3426,222,4237,154,4060,7.73,6.8801898
1400000US37063002022,Durham,4638,4114,1811,1128,683,64253,49476,14777,1479,1195,131,879,2484,203,957,1945,213000,189900,23100,2818,67,10.3,17.8,95.1,2659,55.5,16.4,22.9,94.8,0.3,1566,3794,214,4331,200,3935,5.68,6.40408048
1400000US37063002023,Durham,3197,3063,488,820,-332,80665,63598,17067,1238,1170,170,835,1508,162,445,1635,239000,218200,20800,2150,61,9.4,17.7,88.1,1812,68.9,7.9,21.3,98.1,-10,1109,2580,157,3103,64,2848,5.6,3.7037037
1400000US37063002024,Durham,6475,5628,1251,1077,174,82951,78421,4530,2830,2195,19,1096,3785,56,925,3257,203900,200500,3400,4073,71.2,9,13.4,93.6,3799,70.2,6.6,18.7,95.5,-1.9,2261,5719,260,6218,410,5296,6.32,3.80770049
1400000US37063002025,Durham,7030,5554,3102,2937,165,85769,62866,22903,1377,964,289,1869,2824,428,1185,1979,197000,175900,21100,3732,53.4,21.1,18.4,92.9,3275,51.7,17,20.5,89.2,3.7,2206,5041,263,6903,312,5278,2.46,6.67282383
1400000US37063002026,Durham,6391,5157,4500,3433,1067,40903,37447,3456,480,251,367,1728,1734,361,1892,1173,145600,133500,12100,3517,42.6,19.7,26.4,88.7,2684,34.5,29.1,22.5,86.1,2.6,2136,4520,262,6149,186,4958,1.88,5.48424737
1400000US37063002027,Durham,9298,7039,4830,2573,2257,49074,45563,3511,1120,1182,476,2518,3069,337,1562,2719,205600,189200,16400,5648,40.7,16.4,21.9,79,4596,48.1,18.5,20.4,87,-8,3281,6996,265,8584,268,6637,3.85,7.44662385
1400000US37063002028,Durham,8019,4663,2795,1240,1555,72292,56315,15977,1797,1010,154,2242,3702,64,1262,2094,195500,191300,4200,5518,62.1,8.8,20,90.9,3115,59.5,14.5,22,96,-5.1,3004,4557,476,7591,286,4466,4.03,10.575
1400000US37063002100,Durham,9149,7972,2564,1824,740,83333,83561,-228,1842,1773,612,4944,2248,707,3501,2070,266600,241000,25600,2847,55.8,13.2,16.5,85.5,2796,52.6,9.5,23.7,85.8,-0.3,2135,4441,391,9067,243,7820,4.71,8.61428571
1400000US37063002200,Durham,2153,1993,798,710,88,62891,37569,25322,802,435,137,474,991,274,576,514,257600,152600,105000,1323,64.5,9.8,8.8,83.1,870,46,26.8,12.6,85.4,-2.3,664,1335,186,2049,160,1906,10.84,10.6435644
1400000US37063002300,Durham,1346,1584,889,943,-54,16346,17414,-1068,76,0,213,412,226,429,490,69,154700,60600,94100,348,39.9,25.6,13.5,79,300,0,27,32.7,59.7,19.3,221,522,45,1265,27,1554,5.24,4.36113236
1400000US37063980100,Durham,0,104,0,0,0,Na,72135,#VALUE!,0,25,0,0,0,0,56,25,Na,68500,#VALUE!,0,Na,Na,Na,#VALUE!,57,59.6,40.4,0,100,#VALUE!,0,91,0,0,0,104,Na,58.0246914
1400000US37135010701,Orange,2283,1953,498,368,130,107348,71576,35772,807,702,67,545,979,197,414,803,355800,270500,85300,1054,65.9,9.7,18.5,94.1,880,54,12.5,24.8,91.3,2.8,597,1080,92,2199,128,1917,4.78,1.41297367
1400000US37135010703,Orange,6577,6366,1172,925,247,35629,30682,4947,1565,1256,546,1602,1977,973,1494,1730,170000,163100,6900,3982,43,25.9,22.6,91.5,3929,31.3,38,13.3,82.6,8.9,2126,5766,209,6454,120,5972,9.89,9.18057663
1400000US37135010704,Orange,5308,4903,610,753,-143,55204,42889,12315,2163,1965,133,860,2604,112,601,2515,276200,326000,-49800,3203,63.5,10.4,15.1,89,3077,62.6,14.5,20.4,97.5,-8.5,1641,4147,229,5100,91,4794,5.16,5.94760444
1400000US37135010705,Orange,5052,4223,788,809,-21,66375,40368,26007,2046,1400,188,881,2410,257,955,1710,283000,260600,22400,3251,60.1,19.4,15.2,94.7,2426,53.1,15.8,16.3,85.2,9.5,1786,3364,258,4975,95,4081,6.53,5.97550045
1400000US37135010706,Orange,3359,3427,4,130,-126,133750,119567,14183,1723,1449,20,350,1874,0,427,1718,354600,353500,1100,1836,77.8,6.2,11.1,95.1,1769,71.6,2.8,20.2,94.6,0.5,751,2408,177,3290,156,3281,2.84,3.77133783
1400000US37135010801,Orange,5013,4952,993,967,26,61745,64153,-2408,882,831,375,2186,1080,604,1829,1017,192400,145400,47000,2494,38.7,12.6,25.2,76.5,2602,43.2,10.5,20.9,74.6,1.9,1898,4313,176,4905,171,4877,1.21,0.44052863
1400000US37135010802,Orange,4739,4728,490,366,124,73279,71750,1529,1039,826,303,2103,1151,466,1930,966,223100,200800,22300,2431,41.4,18.5,16.2,76.1,2336,41.9,13.5,21.4,76.8,-0.7,1691,3896,201,4527,185,4659,0.92,1.09119252
1400000US37135010901,Orange,5736,5179,345,377,-32,56100,62802,-6702,1443,1000,747,1600,1613,470,1977,1089,260900,217300,43600,2449,48.1,20.3,19.2,87.6,2655,41.2,12.4,27.3,80.9,6.7,1695,4202,394,5681,108,5008,0.69,0.60606061
1400000US37135010902,Orange,5282,4383,878,709,169,62092,54375,7717,1142,793,499,1544,1306,408,1754,1005,225900,191400,34500,2267,46.2,13.4,21,80.6,2400,40.8,16.4,28,85.2,-4.6,1503,3622,300,5068,278,4310,4.85,0.54054054
1400000US37135011000,Orange,7867,6612,831,1287,-456,63964,59006,4958,2349,1487,438,2539,2697,725,2092,1766,249900,186800,63100,3810,52.6,16.4,17.6,86.6,3203,45.8,9.7,19.8,75.3,11.3,2165,4794,219,7639,226,6412,1.85,2.6367713
1400000US37135011101,Orange,8804,7044,2463,2021,442,56587,49610,6977,1189,739,860,3387,1746,859,3085,960,162100,140800,21300,4643,31.4,16.3,28.8,76.5,3642,32.1,20.3,26.4,78.8,-2.3,3298,6397,124,8175,63,6746,1.07,1.15002614
1400000US37135011102,Orange,5950,5643,575,577,-2,62739,47089,15650,1272,909,375,2092,1484,649,1867,1071,196800,190700,6100,2865,53.1,15.7,20.9,89.7,2794,35,19.5,17.1,71.6,18.1,1972,4592,138,5638,196,5395,0.69,2.09313264
1400000US37135011202,Orange,8164,6714,723,410,313,103387,89950,13437,3161,2428,265,1463,3663,284,1256,2652,369300,326300,43000,4045,59.5,9.2,21,89.7,3366,60.5,9.1,18.4,88,1.7,2255,4862,550,7833,378,6531,1.43,1.50753769
1400000US37135011203,Orange,5903,4796,272,354,-82,66750,61000,5750,1679,1551,236,2338,1913,261,1613,1729,232800,255100,-22300,3218,42.5,19.7,20.5,82.7,2501,57,12.6,16.8,86.4,-3.7,1852,3506,226,5636,254,4592,3.13,1.74389636
1400000US37135011204,Orange,3432,3551,268,159,109,113555,100625,12930,1196,1380,173,875,1407,244,761,1428,425600,363400,62200,1737,55.6,14.6,14.8,85,1697,64.3,11.5,11,86.8,-1.8,875,2434,243,3382,179,3490,2.14,1.37034434
1400000US37135011205,Orange,8017,6805,893,523,370,92000,76156,15844,2678,1944,159,938,4183,471,749,3146,385800,355100,30700,3759,76.6,6.3,14.1,97,3321,64,13.3,13.1,90.4,6.6,1611,4964,377,7881,178,6631,8.73,6.47521493
1400000US37135011300,Orange,3103,2376,567,900,-333,23369,24219,-850,354,367,74,404,470,94,426,453,298300,225900,72400,1630,29.9,29.8,22.3,82,1139,38,38.3,18.9,95.2,-13.2,1065,1559,36,3089,29,2284,8.26,2.18839201
1400000US37135011400,Orange,3994,3487,142,286,-144,35786,39875,-4089,1056,1213,3,219,1250,102,199,1405,500900,518100,-17200,2196,54.6,16.8,24.5,95.9,1961,53.5,24.2,15.9,93.6,2.3,1168,2959,72,3942,101,3454,7.43,8.27692308
1400000US37135011500,Orange,1859,2017,91,148,-57,116750,61304,55446,953,852,91,206,1082,12,331,922,635700,403000,232700,1106,67,10.7,16.4,94.1,1079,59.6,12.8,21.4,93.8,0.3,446,1529,76,1825,47,1960,9.79,7.15465052
1400000US37135011601,Orange,2235,3651,221,424,-203,Na,5455,#VALUE!,0,0,0,0,17,0,39,0,Na,"1,000,000+",#VALUE!,910,35.9,31.1,28,95,968,22.1,29.5,45.7,97.3,-2.3,475,1354,25,2235,13,3651,7.34,6.24486442
1400000US37135011602,Orange,5893,5129,569,570,-1,32431,6538,25893,183,345,0,67,638,0,104,572,Na,Na,#VALUE!,2495,46.5,29.7,20.7,96.9,1265,28.7,35.1,35.3,99.1,-2.2,1375,1833,44,5799,108,5050,8.9,9.37372916
1400000US37135011700,Orange,5137,4017,497,226,271,43250,32542,10708,985,778,46,263,1205,83,254,865,425600,439300,-13700,2336,50,30.9,18.6,99.5,1888,42.4,18.1,31.8,92.3,7.2,1028,2721,146,5084,26,3935,9.19,7.27656209
1400000US37135011800,Orange,3320,2854,429,421,8,56250,40350,15900,1148,882,39,370,1439,24,438,1029,348400,312100,36300,1906,62.4,20.7,10.9,94,1557,67.1,17,13.9,98,-4,943,2128,177,3256,89,2640,11.43,3.20810469
1400000US37135011901,Orange,4948,5192,614,540,74,73488,61810,11678,1679,1725,307,898,2237,184,605,2311,430400,377300,53100,2766,60.2,13.4,19.3,92.9,2748,63,15.8,18.4,97.2,-4.3,1165,3526,216,4909,268,5100,6.66,5.24558894
1400000US37135011902,Orange,3824,3962,414,150,264,82989,93304,-10315,1812,1910,74,370,2235,42,364,2320,399200,345200,54000,1874,73.5,7.5,12.2,93.2,2030,77.8,9.7,8,95.5,-2.3,877,2962,183,3754,247,3885,9.37,4.17956656
1400000US37135012100,Orange,7801,7325,565,662,-97,61132,53016,8116,2641,3007,164,1651,3558,99,1077,3668,290500,298800,-8300,3886,59.9,14.1,19.8,93.8,4065,64,11.2,20.5,95.7,-1.9,1748,5821,285,7537,277,7117,6.91,3.47783889
1400000US37135012201,Orange,2735,2949,286,191,95,105568,106959,-1391,1348,1404,86,428,1521,50,445,1571,456600,370400,86200,1371,61.5,12.9,17.5,91.9,1551,77.2,5.2,14.8,97.2,-5.3,687,2070,53,2680,164,2894,5.05,0.81103001
1400000US37135012202,Orange,5477,5324,311,468,-157,104286,68239,36047,2299,1581,216,481,2646,235,726,2135,419900,428800,-8900,2735,76.9,10.1,10.3,97.3,2636,63.2,7.5,20.9,91.6,5.7,1500,3594,203,5312,239,5088,10.56,7.65419866
1400000US37183050100,Wake,3841,2326,1242,1005,237,56656,34540,22116,1337,595,441,1122,1669,340,718,671,319600,359200,-39600,1996,62.3,15.7,17.5,95.5,1130,49.6,15.9,20.8,86.3,9.2,983,1745,50,3808,27,2291,8.82,9.64791952
1400000US37183050300,Wake,3010,2333,457,411,46,50609,44356,6253,1543,1179,224,699,1677,240,585,1248,298500,249100,49400,1959,58.3,10.1,24.8,93.2,1623,64.6,6.5,20.7,91.8,1.4,914,2136,69,2974,41,2325,7.51,1.66886254
1400000US37183050400,Wake,1963,2345,304,823,-519,70000,45417,24583,778,444,52,454,816,62,490,483,384500,313400,71100,1113,55.8,15.9,20.9,92.6,1332,37.2,21.9,34.6,93.7,-1.1,479,1833,140,1903,52,2291,2.39,1.5270708
1400000US37183050500,Wake,3887,3547,560,1344,-784,54167,46056,8111,1466,969,286,1014,1640,253,1039,1041,251700,197900,53800,2434,50.2,15.2,23.4,88.8,1823,50.7,7.3,33.7,91.7,-2.9,1063,2420,127,3644,149,3410,2.38,3.16913538
1400000US37183050600,Wake,3799,3602,2356,2725,-369,31908,24306,7602,474,229,188,945,625,358,992,464,299100,154200,144900,1338,42.3,19.6,24.1,86,1637,26.4,35.5,18.9,80.8,5.2,665,2694,475,3607,537,3500,3.21,13.6914002
1400000US37183050700,Wake,3384,3128,2401,2790,-389,32981,18839,14142,335,99,197,1297,759,394,1135,357,200300,129000,71300,1587,34.5,27.6,16.6,78.7,1142,30.6,27.3,23.3,81.2,-2.5,1124,1643,90,3304,25,2960,1.41,3.30613997
1400000US37183050800,Wake,4315,3617,2572,1999,573,23981,18580,5401,98,23,823,2097,212,1295,976,70,157400,85000,72400,970,16.8,37,20,73.8,692,4,32.5,8.2,44.7,29.1,646,1042,73,4215,16,3483,2.08,0.61245322
1400000US37183050900,Wake,3012,3486,2076,3057,-981,24345,13008,11337,114,109,326,922,246,417,629,200,271600,151200,120400,1028,20.2,38.3,18.1,76.6,771,17.3,28.1,36.7,82.1,-5.5,668,1315,487,2903,425,3308,2.86,16.2756052
1400000US37183051000,Wake,2427,1920,221,213,8,55750,37743,18007,1105,777,91,537,1265,77,487,925,337500,297700,39800,1769,65.5,8.4,19.6,93.5,1360,44.5,26.9,18,89.4,4.1,895,2041,81,2386,30,1896,4.57,1.02389078
1400000US37183051101,Wake,5224,4387,1082,685,397,35444,21813,13631,143,125,106,478,235,204,414,531,128600,154500,-25900,866,28.3,26.8,20.8,75.9,1470,40.9,32.7,14.9,88.5,-12.6,465,2280,169,5149,22,4343,2.92,5.47428032
1400000US37183051102,Wake,4663,4751,1110,876,234,23882,15370,8512,74,22,258,458,125,396,461,30,Na,Na,#VALUE!,202,19.8,15.3,60.4,95.5,811,35.9,33.8,27.3,97,-1.5,104,1266,220,4663,55,4751,3.43,3.15723006
1400000US37183051200,Wake,4334,4092,178,128,50,62212,40352,21860,2099,1684,73,368,2253,0,508,1808,526900,483000,43900,2744,69.2,9.9,18.8,97.9,2373,45.2,16.3,30.5,92,5.9,986,3277,211,4291,110,4027,4.97,5.66833641
1400000US37183051400,Wake,5151,5321,292,461,-169,63964,61325,2639,2179,1867,199,623,2368,132,820,2073,456100,370900,85200,2805,61,10.9,21.5,93.4,3078,56.7,11.4,21.9,90,3.4,970,4342,190,5083,215,5223,7.83,1.88303057
1400000US37183051501,Wake,3390,3351,123,0,123,118750,106273,12477,1769,1745,25,621,1928,26,474,1823,521400,485400,36000,1794,73.3,5,17.6,95.9,1460,64.6,5.4,26.4,96.4,-0.5,718,1824,223,3342,192,3226,4.51,1.47383935
1400000US37183051502,Wake,2414,2500,66,122,-56,92132,60481,31651,1147,877,19,405,1238,85,521,996,526700,422800,103900,1365,57.9,8.1,26.7,92.7,1273,48.1,13,24.7,85.8,6.9,672,1830,121,2370,97,2419,0.69,2.57680872
1400000US37183051600,Wake,4865,4682,67,169,-102,131806,100298,31508,2923,2604,58,614,2930,123,736,2694,682300,606300,76000,2632,65.4,9.3,22.2,96.9,2255,66.4,6.4,23,95.8,1.1,1151,3031,274,4703,444,4512,1.22,1.22982321
1400000US37183051700,Wake,3171,3029,15,0,15,190962,133693,57269,1907,1675,10,327,1952,17,358,1675,723200,719000,4200,1583,70.1,2.8,24.8,97.7,1264,66.4,2.1,25.5,94,3.7,636,1647,411,3023,332,2868,2.15,1.39388489
1400000US37183051800,Wake,4655,4139,288,525,-237,86341,50608,35733,2574,1481,83,1003,2655,154,1503,1643,398500,293400,105100,2718,63.8,12.1,18.2,94.1,2502,55.8,12.5,21.9,90.2,3.9,1332,3615,145,4475,146,3983,2.29,7.48185371
1400000US37183051900,Wake,4716,4660,2826,3174,-348,45510,34205,11305,452,294,672,2016,887,523,1769,672,156500,122200,34300,2278,32.7,26.7,21.5,80.9,2028,34.2,27,25,86.2,-5.3,1445,3252,94,4485,102,4383,0.84,0
1400000US37183052001,Wake,4610,3366,2985,1707,1278,30327,26085,4242,87,43,734,1464,304,918,892,326,282400,190600,91800,1839,14.8,24.9,23,62.7,1579,16.5,22.7,26.5,65.7,-3,1500,2784,166,4278,44,3019,1.99,2.40091463
1400000US37183052002,Wake,5640,4705,4087,4159,-72,33179,29578,3601,116,77,753,1986,529,604,2044,413,112700,103000,9700,2162,19.6,27.4,25,72,1757,11.7,28.9,33.6,74.2,-2.2,1675,2924,140,5273,40,4562,3.48,1.06324973
1400000US37183052101,Wake,7903,7336,6552,5411,1141,35056,40980,-5924,158,74,1066,3096,1127,809,2571,971,123600,114600,9000,3543,25.4,28.1,29.5,83,3405,27.1,23.1,19.5,69.7,13.3,2254,5975,329,7717,158,6874,0.83,1.35635018
1400000US37183052102,Wake,6774,5890,5312,4578,734,47632,42688,4944,132,67,750,2123,964,753,1957,690,142700,139700,3000,3004,27.1,24.2,21.6,72.9,2654,25.5,21.5,23.7,70.7,2.2,2057,4578,140,6324,169,5656,0.99,0.30036969
1400000US37183052301,Wake,6386,4671,1169,1004,165,43320,37920,5400,1453,1018,83,1494,2042,44,646,1513,169100,161600,7500,4607,44.8,16.2,22.4,83.4,3347,49.9,12.7,26.9,89.5,-6.1,2810,5232,285,6304,116,4644,5.84,9.81636817
1400000US37183052302,Wake,8971,6706,1928,1502,426,48498,23625,24873,1311,774,285,2072,1941,708,1634,1057,170800,161800,9000,5618,38,23.6,28.3,89.9,2901,39.5,23.2,26.7,89.4,0.5,2816,4693,273,8850,168,6465,3.62,1.91776369
1400000US37183052401,Wake,5295,3212,960,1070,-110,63387,41705,21682,1544,412,122,934,1903,73,925,606,290700,190900,99800,3095,50.9,13.9,27.9,92.7,1918,46.1,9.5,28.1,83.7,9,1727,3057,695,5225,114,3102,7.62,2.28230337
1400000US37183052404,Wake,4462,4260,221,251,-30,65500,52359,13141,1337,1236,95,763,1716,195,851,1707,236100,217000,19100,2468,61.3,14.4,16.4,92.1,2229,56,10.5,19.3,85.8,6.3,1351,3105,60,4323,74,4075,2.05,1.12619116
1400000US37183052406,Wake,7365,5582,1749,1434,315,47702,41667,6035,1258,715,701,1940,1919,349,1857,1150,129400,138000,-8600,4438,41.6,17.4,21.6,80.6,3458,37.9,18.3,27.1,83.3,-2.7,2966,5469,284,6950,95,5246,3.64,4.01516841
1400000US37183052407,Wake,4204,3930,1054,1020,34,42260,37772,4488,951,817,274,1031,1421,128,1040,1145,191200,167100,24100,2707,40.8,18.8,27.1,86.7,2628,45.4,19.6,23.1,88.1,-1.4,1410,3925,74,4034,112,3842,3.25,3.08268511
1400000US37183052408,Wake,3591,2766,1113,1003,110,30240,25590,4650,378,394,234,728,475,509,718,554,126300,159100,-32800,1779,38.3,23.2,22.8,84.3,1734,22.6,30.4,25.3,78.3,6,989,2549,169,3309,0,2757,2.24,0.56338028
1400000US37183052409,Wake,4360,3691,499,589,-90,33050,20195,12855,488,287,222,408,1193,130,493,719,Na,78800,#VALUE!,2490,39.2,20.5,26.1,85.8,2092,43.1,10.4,29.9,83.4,2.4,1110,3244,157,4308,48,3668,5.54,6.59781985
1400000US37183052503,Wake,6471,6530,615,980,-365,77810,53602,24208,2466,2483,232,1458,2893,27,1587,2755,364400,357900,6500,4080,57.9,12.4,22.3,92.6,3628,55.3,11.4,32.1,98.8,-6.2,2057,5210,385,6285,250,6215,2.22,4.77223427
1400000US37183052504,Wake,5775,5576,471,968,-497,72159,53428,18731,2001,1920,397,1603,2325,273,1415,2149,307700,220300,87400,3132,48.7,18.8,25.7,93.2,2618,51,15.8,20.3,87.1,6.1,1660,3680,210,5589,119,5260,1.19,5.36912752
1400000US37183052505,Wake,5652,5088,650,777,-127,60212,63000,-2788,1905,1628,411,1349,2237,145,1257,1995,339600,306200,33400,3655,45.9,18.8,24.4,89.1,3205,43.8,8.6,29.8,82.2,6.9,2034,5045,170,5443,153,4800,3.73,11.2899463
1400000US37183052506,Wake,2695,1775,347,78,269,78500,79946,-1446,1098,813,16,663,1343,27,449,861,365500,380500,-15000,1468,55.1,8.2,24.3,87.6,895,72.8,5.7,17.7,96.2,-8.6,854,1312,97,2623,38,1759,0.74,0.56782334
1400000US37183052507,Wake,2802,2742,542,751,-209,56693,55991,702,1044,770,39,745,1109,78,937,825,262400,252600,9800,1386,49,15.7,25.8,90.5,1471,42.6,18.2,38.2,99,-8.5,852,2147,72,2526,44,2621,5.2,6.67263771
1400000US37183052601,Wake,3172,3065,86,294,-208,112903,87500,25403,1494,1389,39,567,1531,35,688,1423,362300,327700,34600,1736,58.4,10.8,22.2,91.4,1447,63.5,11.6,22.6,97.7,-6.3,789,2006,179,3074,113,2971,2.31,3.19792567
1400000US37183052602,Wake,4579,3697,511,230,281,72981,61052,11929,1884,1178,119,1261,2119,321,1344,1267,268300,238600,29700,2350,56.4,10.1,26.7,93.2,1788,48,10.3,21.6,79.9,13.3,1177,2693,225,4458,167,3540,3.36,1.32533922
1400000US37183052603,Wake,2649,2688,18,368,-350,92629,64250,28379,1546,1075,16,243,1622,82,563,1111,684000,461200,222800,1410,72.5,4.5,19.8,96.8,1390,57.5,3.7,31.8,93,3.8,421,2038,196,2543,189,2579,2.08,0.85308057
1400000US37183052701,Wake,6301,5047,963,1022,-59,55226,42210,13016,1329,1096,466,1783,1682,533,1606,1331,286800,220600,66200,3249,43.7,24.5,20,88.2,2758,33.6,23.2,25.6,82.4,5.8,1627,4135,154,5973,61,4652,2.2,3.19440978
1400000US37183052704,Wake,7028,6215,2911,2729,182,37170,31069,6101,263,260,1167,2246,618,1028,2259,587,109900,114300,-4400,3662,24,24.5,23,71.5,3177,16.8,16.4,27.3,60.5,11,2456,5271,215,6734,93,5626,4.32,4.9108993
1400000US37183052705,Wake,4712,3294,1422,705,717,54384,45799,8585,836,506,428,1550,1327,248,1322,747,154800,142800,12000,2611,43.6,12.8,22.9,79.3,1767,41.7,14,21.1,76.8,2.5,1729,2641,168,4530,84,3079,3.4,1.52339499
1400000US37183052706,Wake,4734,4775,1614,1715,-101,53870,48837,5033,374,285,953,1574,830,553,1776,811,149100,149500,-400,2584,19.9,29.5,21.9,71.3,2328,36.7,16.7,14.8,68.2,3.1,1497,3889,123,4499,41,4639,1.89,0.55776892
1400000US37183052707,Wake,7028,6530,2263,2123,140,50509,45148,5361,775,632,787,2631,1315,698,2370,1317,154200,140800,13400,3562,32.5,17,24.5,74,3215,33.2,16.1,28.9,78.2,-4.2,1770,5310,286,6932,171,6165,1.14,2.38285943
1400000US37183052801,Wake,7044,5815,2422,1359,1063,67278,64905,2373,1192,1170,379,3065,1492,371,2216,1539,174000,164900,9100,3641,43.3,15.8,22.8,81.9,3283,47.4,15.7,22.7,85.8,-3.9,2383,5034,163,6814,306,5629,2.1,2.5113661
1400000US37183052802,Wake,6958,5908,2068,1771,297,52250,45900,6350,677,588,675,2928,1014,683,2683,753,144900,139800,5100,3389,36.9,19.5,22.9,79.3,2997,31.8,14.5,23,69.3,10,2486,4695,115,6709,19,5591,4.74,3.35655478
1400000US37183052803,Wake,10814,9028,7267,5887,1380,51121,47774,3347,316,325,816,4346,1370,932,3703,1007,148700,144800,3900,4875,30.2,20.8,26.6,77.6,4202,32.1,13.8,30.6,76.5,1.1,3069,6637,573,10036,165,8473,1.32,0.9009009
1400000US37183052806,Wake,16980,12335,11092,8612,2480,57225,54712,2513,491,509,1348,5502,3062,777,3736,2305,156500,151200,5300,8595,26.9,19.1,27.7,73.7,6099,40.1,21,21.2,82.3,-8.6,6190,9984,776,16372,522,11843,0.6,1.9425196
1400000US37183052807,Wake,5917,3704,3215,1473,1742,61834,57321,4513,406,353,320,2372,1127,478,1470,535,152700,140600,12100,2653,35,23.9,25.3,84.2,2103,20.5,20.3,22.8,63.6,20.6,1860,3493,128,5657,45,3471,3.07,1.07130901
1400000US37183052808,Wake,9957,8262,2522,1985,537,63118,62387,731,1599,1533,755,3519,2441,378,2969,2025,192700,167600,25100,4853,46.2,15.5,21.9,83.6,4484,44.2,10.1,22.6,76.9,6.7,3356,7153,669,9534,469,8003,4.88,2.30063734
1400000US37183052809,Wake,3133,2579,645,943,-298,53225,48481,4744,205,175,244,1435,326,333,1110,195,132900,123500,9400,1475,30.5,18.4,30,78.9,1194,20.6,11.3,32.9,64.8,14.1,1053,2112,118,3010,38,2404,0.52,0
1400000US37183052901,Wake,2913,2757,179,157,22,66286,74342,-8056,573,581,350,872,673,234,878,622,178500,206300,-27800,1280,41.2,20.3,19.3,80.8,1355,45.2,10,30.7,85.9,-5.1,940,2133,258,2758,138,2547,2.52,3.23866467
1400000US37183052902,Wake,5969,5310,824,758,66,73910,76726,-2816,1118,806,193,2593,1465,192,2179,1186,211600,198100,13500,3348,40.5,18.6,27.2,86.3,2900,48.9,11.7,21.9,82.5,3.8,2358,4815,311,5782,126,5038,0.56,2.32390992
1400000US37183052903,Wake,2751,3372,477,539,-62,82550,85774,-3224,652,552,192,1038,902,144,1386,775,233400,208600,24800,1470,53.1,9,17.3,79.4,1970,49.2,4.1,26.9,80.2,-0.8,987,3335,54,2710,51,3246,6.03,2.22557525
1400000US37183052904,Wake,7285,6645,1009,886,123,72339,78465,-6126,1421,1410,528,2802,1742,374,2643,1552,190600,192900,-2300,3844,48,12.2,23.8,84,3788,42.7,9.9,28.9,81.5,2.5,2801,6176,306,7072,211,6364,0.78,1.16079924
1400000US37183053003,Wake,6260,4209,1005,193,812,69914,71690,-1776,2205,1506,60,1231,3041,79,958,1767,339500,340500,-1000,3895,64.5,9,18.5,92,2667,66.8,7.8,17.2,91.8,0.2,1986,4200,216,6107,111,4008,6.11,8.44755245
1400000US37183053004,Wake,2914,2834,78,55,23,114659,135250,-20591,1346,1381,4,573,1596,44,374,1560,403000,427100,-24100,1421,67,8,16.3,91.3,1533,65.6,6.5,22.9,95,-3.7,648,2180,141,2799,207,2767,4.8,0.5674378
1400000US37183053005,Wake,4967,5401,93,77,16,153292,145385,7907,2246,2349,52,1022,2515,0,703,2680,389900,374100,15800,2662,65.9,7.9,20.3,94.1,2722,69.6,7.1,19.8,96.5,-2.4,1453,4051,246,4836,482,5229,2.39,2.50292398
1400000US37183053006,Wake,2965,3176,41,0,41,127100,110833,16267,1203,958,109,748,1286,87,814,1106,379300,359000,20300,1481,59.1,7,22.3,88.4,1682,62.7,4.3,30,97,-8.6,891,2389,136,2904,112,3055,0.36,0
1400000US37183053007,Wake,2928,2839,117,112,5,116250,84417,31833,1117,932,110,651,1333,54,832,1056,384700,326000,58700,1406,61.1,12.5,19.4,93,1467,44.4,18.4,20.7,83.5,9.5,913,2131,187,2895,45,2839,1.13,0
1400000US37183053008,Wake,8407,6875,1221,773,448,74222,55549,18673,2765,1752,443,2141,3640,473,1816,2341,276100,292700,-16600,5236,55,14.4,23.7,93.1,3746,47.4,18,17.8,83.2,9.9,3251,5912,415,8096,517,6589,3.06,5.20887957
1400000US37183053009,Wake,8098,6930,1390,920,470,60794,52530,8264,1527,859,635,2630,1902,1018,2086,1333,208800,169800,39000,3869,46.1,11.9,23.1,81.1,3579,34.4,16.9,20.4,71.7,9.4,2406,5756,412,7650,265,6496,1.74,1.33533948
1400000US37183053105,Wake,4144,3866,471,262,209,74375,64495,9880,819,537,252,1556,965,180,1533,610,229900,194600,35300,1863,43.2,13.2,24.7,81.1,1782,32.1,7.5,32.9,72.5,8.6,1373,2919,246,3992,60,3637,2.48,3.17789292
1400000US37183053106,Wake,3462,2819,869,722,147,69101,59500,9601,644,693,322,1243,780,122,1030,829,183000,163800,19200,1809,40.6,32.8,14.3,87.7,1327,47.7,13.9,23.9,85.5,2.2,1166,2285,53,3344,79,2715,0.34,3.30188679
1400000US37183053107,Wake,10225,6738,2056,1686,370,66047,52308,13739,1898,1255,461,3913,2303,439,2618,1556,188800,169200,19600,4859,41.7,16.1,27.8,85.6,3214,40.2,10.9,31.1,82.2,3.4,3144,5379,244,9783,321,6354,2.72,2.92845912
1400000US37183053108,Wake,8175,5851,880,990,-110,76491,62692,13799,1498,929,255,3420,1751,227,2464,1154,226300,189700,36600,3703,47.3,13.6,20.8,81.7,2830,47.7,16.6,17,81.3,0.4,2636,4700,571,7686,254,5644,1.72,5.33791523
1400000US37183053109,Wake,8584,7221,615,580,35,81395,75104,6291,2438,1623,227,2644,2708,205,2504,1789,242900,228800,14100,4189,51.5,11.4,23.3,86.2,3792,45.8,11.6,23.7,81.1,5.1,3114,5822,266,8318,455,6841,2.78,2.14055692
1400000US37183053110,Wake,5882,4892,676,340,336,80625,68636,11989,1299,858,398,1910,1593,237,2020,930,178300,162000,16300,3120,41.4,16.6,30.9,88.9,2420,44.6,14.9,23.7,83.2,5.7,2277,4012,293,5721,89,4641,1.37,4.19303797
1400000US37183053111,Wake,5898,4145,976,563,413,88844,60714,28130,1241,925,165,1799,1791,354,1510,988,217300,180700,36600,3197,49.5,10.7,25.2,85.4,2217,39.4,14.7,33.4,87.5,-2.1,2170,3708,226,5454,160,4042,1.43,3.76249265
1400000US37183053201,Wake,11622,8087,679,700,-21,114280,102124,12156,3771,2593,297,2707,4275,188,1996,2945,352600,305000,47600,5838,57,8.6,26.1,91.7,4072,52.4,7.7,29.2,89.3,2.4,3144,5827,620,11185,419,7664,2.62,3.97558849
1400000US37183053202,Wake,4365,4558,382,207,175,138438,115104,23334,1616,1666,48,890,1831,75,1047,1717,381600,373300,8300,2008,60.7,9.7,27,97.4,2234,53.4,7.8,29.1,90.3,7.1,998,3311,276,4332,396,4380,1.33,3.09123649
1400000US37183053203,Wake,8339,6174,1073,643,430,100110,78961,21149,2330,1775,268,1927,2796,167,1549,2031,249100,222200,26900,3959,51.3,10.1,22.7,84.1,2845,52.2,8.7,26.3,87.2,-3.1,2667,4411,449,7831,506,5772,2.19,3.93285372
1400000US37183053204,Wake,4984,4264,884,897,-13,77675,76293,1382,1119,970,237,1575,1311,187,1320,1229,191200,171100,20100,2482,42.5,13.7,25.8,82,2233,56.5,11.6,16.6,84.7,-2.7,1853,3539,239,4710,107,3943,2.3,2.81451339
1400000US37183053205,Wake,3222,1782,257,258,-1,89417,72174,17243,998,520,95,916,1122,88,466,604,243100,203300,39800,1568,61.8,6.3,19.5,87.6,694,63.4,2.6,18.6,84.6,3,1025,1280,156,3054,66,1614,7.34,4.61975835
1400000US37183053206,Wake,4598,3975,836,1210,-374,66558,68082,-1524,822,751,95,1777,1020,231,1359,980,225400,197000,28400,2294,48.5,15,23,86.5,1940,53.7,6.1,24.5,84.3,2.2,1772,3102,138,4432,202,3598,0.63,2.12469523
1400000US37183053207,Wake,9142,5267,616,415,201,105717,82348,23369,2785,1220,182,2243,3085,219,1635,1395,290600,236700,53900,4300,56,9.6,22.5,88.1,2543,54.7,9.9,23.2,87.8,0.3,2659,4403,591,8742,205,4980,4.56,5.81896552
1400000US37183053405,Wake,4920,5193,303,68,235,113078,113304,-226,1995,2085,64,1040,2385,81,1029,2452,439700,415000,24700,2565,66.5,4.3,22.9,93.7,2391,70,3.6,23.1,96.7,-3,1357,3347,449,4855,421,5055,1.43,6.60991487
1400000US37183053408,Wake,4170,3968,56,138,-82,139167,132875,6292,1310,1274,40,698,1901,0,449,1772,343900,335100,8800,2130,62.9,10.2,21,94.1,1859,82,3.4,12.4,97.8,-3.7,1239,2553,162,4099,154,3902,5.98,0.86368757
1400000US37183053409,Wake,6981,6486,293,90,203,126977,120551,6426,2131,1913,129,1301,3103,136,997,2785,335400,284600,50800,3643,69.1,9.1,11.7,89.9,3082,62.3,8.4,25,95.7,-5.8,1939,4665,288,6792,460,6185,3.26,2.98439973
1400000US37183053410,Wake,6300,3643,268,138,130,143000,163611,-20611,1524,1031,72,612,3214,150,383,1704,448600,488100,-39500,2964,76.4,2.1,18.2,96.7,1679,77.1,3.6,19.4,100.1,-3.4,1012,2056,316,6152,250,3347,3.71,10.4539775
1400000US37183053411,Wake,9540,5633,445,484,-39,155685,104143,51542,2608,1847,27,1090,4566,56,1009,2245,468900,473000,-4100,4705,74.5,1.9,18,94.4,2704,71.7,4.5,15.8,92,2.4,1866,3706,634,8950,243,5450,7.98,6.62076271
1400000US37183053412,Wake,6882,4795,103,218,-115,124509,83529,40980,1963,1558,177,1357,2721,134,946,1843,418600,357700,60900,3510,62.2,14.1,15.2,91.5,2412,59.5,8,24.3,91.8,-0.3,1910,3536,379,6659,217,4525,2.22,4.17937767
1400000US37183053413,Wake,6620,4928,472,569,-97,109867,81591,28276,1902,1232,142,1547,2403,216,1517,1406,325600,231400,94200,3268,59.8,8.9,22.7,91.4,2322,53.1,12.7,19.3,85.1,6.3,2010,3770,369,6418,198,4805,0.99,4.75013729
1400000US37183053414,Wake,9611,8364,698,591,107,98561,89201,9360,3124,2617,281,2038,3484,360,1563,3076,287600,263300,24300,4795,53.9,11.4,28.8,94.1,4145,64.9,10.8,17.4,93.1,1,2585,6709,535,9136,508,7786,2.08,3.83723006
1400000US37183053415,Wake,3511,3139,119,202,-83,124345,97114,27231,1080,947,37,559,1545,62,598,1169,319600,288900,30700,1559,67.6,8.5,21.5,97.6,1414,61,8.9,16.5,86.4,11.2,798,2083,184,3336,290,2916,2.2,2.0065329
1400000US37183053416,Wake,7202,4829,868,446,422,86832,84917,1915,1931,1249,73,2152,2546,69,1242,1680,289400,240800,48600,4232,52.9,9.2,25.3,87.4,2533,59.4,14.3,19.1,92.8,-5.4,2360,3848,514,7002,377,4595,6.47,3.07382936
1400000US37183053417,Wake,3344,2196,561,498,63,73095,43236,29859,818,458,144,1100,1095,185,805,522,196900,152100,44800,1729,50.3,15.9,22,88.2,1112,40.5,12.5,22.8,75.8,12.4,1138,1878,101,3232,126,2181,5.54,3.61238532
1400000US37183053418,Wake,6591,5037,506,334,172,86210,72781,13429,2128,1419,500,1174,2818,243,1576,1548,252200,221800,30400,3876,53.5,11.4,18.5,83.4,2679,46.8,12.1,29.7,88.6,-5.2,2278,4313,185,6165,126,4923,4.39,3.52112676
1400000US37183053419,Wake,3193,2476,145,74,71,123900,103971,19929,1368,973,28,609,1499,40,364,1121,311300,268700,42600,1826,66,8.4,21.7,96.1,1287,66.5,6.7,18.1,91.3,4.8,914,1804,186,3164,93,2379,2.69,4.97091486
1400000US37183053420,Wake,7340,6194,1478,977,501,93676,66897,26779,1768,1147,283,1714,2738,357,1622,1543,241100,219200,21900,3833,53.3,15.4,22.6,91.3,2974,41.7,12.4,27.4,81.5,9.8,2377,4784,341,6981,363,5707,1.5,3.68202877
1400000US37183053421,Wake,5604,4595,523,458,65,104741,83870,20871,1737,1256,243,1228,2281,154,1067,1594,335500,339900,-4400,2668,60.5,6.7,21.8,89,2287,51.3,12.7,27.3,91.3,-2.3,1619,3446,188,5459,240,4479,2.41,5.98315423
1400000US37183053422,Wake,2520,2499,25,14,11,125761,122121,3640,1135,1028,10,371,1308,10,510,1175,284400,265200,19200,1392,69.6,7.5,18.8,95.9,1482,60.5,9.9,22.3,92.7,3.2,676,2055,227,2425,144,2415,1,0
1400000US37183053423,Wake,2103,2269,104,18,86,81250,72229,9021,811,809,51,531,960,19,638,929,253200,219000,34200,1204,61.3,11.3,17.6,90.2,1394,62.3,11.3,22,95.6,-5.4,621,2096,78,2026,126,2224,3.48,5.19050248
1400000US37183053424,Wake,4731,4420,322,320,2,127361,112917,14444,1475,1536,88,1021,2213,80,553,2199,317700,282300,35400,2505,63.4,9.1,23.8,96.3,2324,71.8,10.9,14.9,97.6,-1.3,1276,3371,110,4587,140,4257,2.44,2.74223035
1400000US37183053425,Wake,3200,2833,158,219,-61,109205,125781,-16576,865,691,71,416,1653,29,553,1015,367100,331800,35300,1611,72.1,7.9,16.8,96.8,1320,61.4,10,24.4,95.8,1,1060,2115,245,3139,196,2648,5.82,3.23422014
1400000US37183053505,Wake,3508,3433,231,275,-44,94138,78365,15773,1337,1188,78,858,1633,178,807,1375,243900,215700,28200,1945,58.3,5.7,22.9,86.9,1919,55.4,14.7,18.8,88.9,-2,1070,2832,228,3464,152,3328,4.83,1.24915598
1400000US37183053506,Wake,5332,5647,162,504,-342,87668,74656,13012,2524,1780,89,1620,2718,116,1697,2147,270700,240500,30200,2876,63,10.7,21.3,95,2908,58.6,6.7,30,95.3,-0.3,1492,4297,291,5236,140,5426,3.3,1.53153153
1400000US37183053507,Wake,4065,3739,648,670,-22,55670,52609,3061,1121,867,378,1163,1352,283,1318,1071,207000,169400,37600,2153,37.7,21.4,22.2,81.3,1762,42.4,24.7,18.2,85.3,-4,1321,2767,130,3921,92,3723,2.79,8.6034535
1400000US37183053509,Wake,5397,5226,163,32,131,124219,134450,-10231,2257,2416,234,1038,2641,103,796,2766,420800,377100,43700,2811,62.1,13.8,17.2,93.1,2731,63.1,8.9,23.8,95.8,-2.7,1431,3800,327,5316,329,5090,1.16,1.46218871
1400000US37183053512,Wake,6579,5872,468,303,165,88000,83895,4105,2607,2194,125,1401,3378,78,1182,2776,350900,296300,54600,3786,65.3,7.3,21.7,94.3,3678,64.4,8.3,23.2,95.9,-1.6,1888,5250,253,6323,287,5607,6.95,5.86879061
1400000US37183053513,Wake,4310,4098,555,816,-261,61930,48359,13571,1007,838,232,1448,1460,272,1291,1122,251000,173400,77600,2548,46.9,17.5,18.9,83.3,2313,42.3,12.5,35.1,89.9,-6.6,1444,3603,169,4181,159,3881,4.19,6.99968183
1400000US37183053516,Wake,3666,3385,828,233,595,50539,55083,-4544,586,901,239,1341,901,264,909,1093,216500,201900,14600,2040,34.5,22.8,25,82.3,1756,53.8,19.7,17,90.5,-8.2,1045,2755,82,3598,66,3213,3.72,3.834916
1400000US37183053517,Wake,5578,4757,398,274,124,46197,51801,-5604,536,625,1031,1445,825,686,1221,802,126800,160400,-33600,2884,25.8,35.1,15.5,76.4,2729,30.3,21.8,19.8,71.9,4.5,1937,4259,71,5295,85,4468,3.73,5.11991377
1400000US37183053518,Wake,3727,3829,74,58,16,85602,70087,15515,1560,1492,67,1206,1665,84,1126,1573,207800,187600,20200,2100,60.2,10.2,20,90.4,2194,57.1,9.1,26.8,93,-2.6,1221,3250,90,3678,80,3632,0.85,3.1140769
1400000US37183053519,Wake,5148,3965,1331,576,755,49804,44313,5491,881,889,372,1662,1367,392,1553,934,169900,157900,12000,2862,38,16.3,31.4,85.7,2265,36.5,21.9,21.5,79.9,5.8,1893,3764,96,4902,41,3805,6.97,1.74165457
1400000US37183053520,Wake,6375,5076,1149,897,252,51812,50505,1307,1306,1132,265,2054,2079,372,1599,1537,224900,185000,39900,3819,44.4,24.8,20.8,90,3095,48.5,18.4,19.4,86.3,3.7,2084,4974,308,6151,126,4888,4.91,4.8828125
1400000US37183053521,Wake,3821,2963,192,156,36,115667,105972,9695,1361,913,152,715,1778,66,574,1517,315300,265700,49600,2117,58.9,11.4,23.3,93.6,1586,67,9,23.5,99.5,-5.9,964,2222,176,3660,104,2847,2.18,1.43037442
1400000US37183053522,Wake,5750,5404,728,480,248,101875,81419,20456,1363,1251,243,1096,2638,35,1208,2150,296100,322000,-25900,3176,66.2,7.5,22.7,96.4,3099,59.2,7.3,27.3,93.8,2.6,1395,3865,256,5331,292,5058,8.76,4.59563543
1400000US37183053523,Wake,5904,5133,464,316,148,104703,101696,3007,2047,1781,186,1052,2940,50,929,2309,512500,481000,31500,3159,66.2,5.8,17.8,89.8,2544,69.7,2.4,25.9,98,-8.2,1725,3627,436,5713,378,5054,9.3,5.57591623
1400000US37183053524,Wake,3714,3629,336,279,57,65914,54637,11277,1125,947,96,1191,1502,184,1137,1204,190100,163400,26700,2205,54.1,11.2,18.9,84.2,2019,56.7,13.3,15.2,85.2,-1,1235,3136,83,3583,80,3398,3.15,5.89036432
1400000US37183053525,Wake,2944,2523,95,124,-29,91694,93654,-1960,954,747,62,696,1305,42,662,911,234100,212300,21800,1795,61.7,9.5,21.1,92.3,1301,64.3,5.8,18.2,88.3,4,1066,1837,108,2839,247,2337,4.36,8.62068966
1400000US37183053601,Wake,11323,2700,1747,407,1340,110295,69119,41176,2294,537,163,1601,5357,28,657,1014,324000,314700,9300,5779,66.9,5.7,22.7,95.3,1584,63.5,7.8,18.8,90.1,5.2,2624,2343,400,10623,53,2545,8.36,9.3996063
1400000US37183053602,Wake,6287,3813,681,507,174,117934,93452,24482,995,768,159,951,2822,72,669,1750,297200,276400,20800,3360,63.8,9,17.5,90.3,2270,68.4,7.7,15.4,91.5,-1.2,1690,3083,180,6000,201,3693,5.88,3.2
1400000US37183053603,Wake,4230,3482,222,155,67,111895,103933,7962,1291,1146,67,652,2187,32,644,1691,377600,362100,15500,1940,74.4,4.6,17.5,96.5,1671,75.3,1.1,21,97.4,-0.9,743,2186,226,4113,117,3394,8.83,7.2555205
1400000US37183053604,Wake,4489,3914,46,84,-38,182734,152364,30370,1484,1191,60,491,2396,57,669,1826,478700,476800,1900,2448,76.3,7.4,13.3,97,1910,65.6,2.3,22.4,90.3,6.7,938,2234,269,4433,179,3843,3.11,0.72871812
1400000US37183053605,Wake,2299,1922,38,55,-17,141875,119271,22604,1131,710,27,298,1401,0,309,908,412000,345700,66300,1345,74.3,5.9,17.7,97.9,952,79.6,7.2,9.3,96.1,1.8,649,1203,118,2218,87,1826,4.36,9.93612491
1400000US37183053606,Wake,2452,2549,365,283,82,70938,74917,-3979,663,896,51,592,1165,26,558,1114,539100,391700,147400,1386,63.7,9.6,15.5,88.8,1468,57.9,10,24.6,92.5,-3.7,681,2263,119,2351,90,2505,7.42,9.63073852
1400000US37183053607,Wake,9400,5256,596,395,201,108868,76263,32605,1528,1302,481,1865,3900,124,891,2489,289400,223000,66400,4908,65.1,10.1,17.7,92.9,2846,68.8,3.9,21,93.7,-0.8,2239,4339,494,8980,298,4885,5.41,10.8205128
1400000US37183053608,Wake,4403,2035,478,400,78,104706,80353,24353,913,375,72,582,2299,23,379,757,324900,337600,-12700,2348,78.5,2.6,9.8,90.9,1013,62.2,6.4,23.6,92.2,-1.3,1099,1386,197,4022,18,1872,6.63,3.47376201
1400000US37183053609,Wake,995,292,313,9,304,75732,63393,12339,120,43,53,376,308,30,143,61,270100,163500,106600,673,40.7,17.2,24.1,82,168,62.5,15.5,14.9,92.9,-10.9,319,310,29,933,0,292,11.38,19.1056911
1400000US37183053610,Wake,10519,7065,1905,1270,635,80470,75097,5373,3577,2409,41,2340,5634,163,1556,3584,295600,546800,-251200,7194,62.8,8,22.4,93.2,4184,65,9.3,20.2,94.5,-1.3,3272,5983,540,9917,303,6682,8.77,10.7185938
1400000US37183053707,Wake,6427,6432,1465,1435,30,65335,55320,10015,2303,1916,133,2157,2794,371,1827,2399,202900,179600,23300,3691,47.2,19.2,26.2,92.6,3526,44.2,11.3,33.4,88.9,3.7,2258,5532,186,6339,134,6035,3.48,4.27399351
1400000US37183053709,Wake,7141,6310,1356,1237,119,65487,49974,15513,2440,1682,216,2062,3237,221,1985,1967,218900,218600,300,5356,53.8,11.5,23.7,89,4271,45,14.6,24.4,84,5,2937,6216,169,6938,346,5977,3.88,3.88793596
1400000US37183053711,Wake,5583,5324,531,367,164,100703,96148,4555,2417,1918,15,1038,2922,58,1379,2212,352900,327500,25400,3117,60.6,9.6,21.7,91.9,2847,57.7,8.2,26.8,92.7,-0.8,1477,4180,219,5470,238,5107,4.25,6.75300648
1400000US37183053712,Wake,2635,2644,249,89,160,107614,106759,855,985,1210,27,842,1085,0,658,1316,311800,278100,33700,1426,56.5,4.8,29.9,91.2,1671,66.2,7.8,22.9,96.9,-5.7,924,2411,148,2548,143,2546,2.3,2.42451967
1400000US37183053713,Wake,3783,3138,832,640,192,44583,41635,2948,1126,807,52,1150,1584,120,1024,1181,416700,309400,107300,2699,41.9,15.2,33.3,90.4,2242,41.5,7.8,40.8,90.1,0.3,1461,3424,61,3652,106,2961,6.3,9.67032967
1400000US37183053714,Wake,4256,4310,511,499,12,78519,64151,14368,1948,1441,120,1058,2078,102,1131,1717,293500,242000,51500,2520,54.1,14,24.5,92.6,2406,65.3,8.7,20.2,94.2,-1.6,1294,3519,88,4135,281,4232,5.34,7.28045326
1400000US37183053715,Wake,3500,3793,296,324,-28,91364,92607,-1243,1621,1475,40,709,1808,90,855,1755,288300,255000,33300,1909,63,8.4,17.8,89.2,2258,61.7,8.5,21.1,91.3,-2.1,1196,3514,211,3317,163,3662,2.21,4.83509446
1400000US37183053716,Wake,3598,4218,1082,1235,-153,51901,48481,3420,1159,934,239,1313,1394,132,1657,1204,212200,171500,40700,2242,42.5,13.9,33.8,90.2,2624,46.4,14.6,22.1,83.1,7.1,1244,3939,75,3587,63,4025,3.19,8.33097995
1400000US37183053717,Wake,3710,2526,714,421,293,70398,79250,-8852,916,652,113,1028,1518,116,629,861,207800,190800,17000,2476,53.6,9.8,25.3,88.7,1647,59.7,13.8,21.4,94.9,-6.2,1413,2526,92,3487,147,2439,6.67,16.2505674
1400000US37183053718,Wake,3459,3168,365,422,-57,114429,100806,13623,1043,829,3,850,1377,36,990,1016,259700,239900,19800,1922,56.7,12.3,25.4,94.4,1846,58.9,10.3,25.9,95.1,-0.7,945,3060,68,3318,163,3027,0.74,1.348504
1400000US37183053719,Wake,4099,4222,137,275,-138,118659,99892,18767,1685,1260,52,710,1957,23,990,1584,267200,231200,36000,2300,62.3,7.6,21.3,91.2,2164,52.7,9.9,33.9,96.5,-5.3,1572,3421,195,3881,156,4019,3.75,1.53794717
1400000US37183053720,Wake,3991,4377,107,165,-58,137153,130372,6781,1592,1764,30,801,1901,71,738,1968,389000,397200,-8200,2002,66.4,8.2,19.6,94.2,2266,68.9,5,20.3,94.2,0,1208,3113,327,3917,417,4293,0.52,1.63573451
1400000US37183053721,Wake,3657,3316,136,193,-57,144464,121910,22554,1808,1430,34,601,2095,35,740,1530,433500,389200,44300,1908,67.2,8.4,22,97.6,1736,58.4,7.9,29.4,95.7,1.9,1002,2398,274,3553,178,3259,2.28,5.25727069
1400000US37183053722,Wake,4607,4846,157,363,-206,70966,77219,-6253,2171,2418,148,1275,2398,109,1130,2612,327800,302600,25200,2152,66,9.5,18.7,94.2,2274,62.3,4.3,27.4,94,0.2,1368,3221,123,4534,115,4646,1.73,2.82131661
1400000US37183053723,Wake,3496,2542,290,415,-125,69696,65531,4165,1124,924,106,1290,1345,26,912,983,240800,200000,40800,1782,49.4,14.3,25.8,89.5,1449,52.1,9.2,30.5,91.8,-2.3,1085,2166,93,3419,86,2504,2.68,5.46350202
1400000US37183053724,Wake,6578,5668,566,614,-48,94423,86951,7472,2381,1904,89,1194,3127,117,852,2629,237900,242900,-5000,3622,64.5,7,22.7,94.2,3398,61.8,5.2,29,96,-1.8,1844,4590,440,6229,264,5391,6.65,4.36792235
1400000US37183053725,Wake,5029,4887,698,911,-213,72537,72609,-72,1518,1525,11,1344,2064,12,1180,2138,231500,197500,34000,3073,62.1,8.9,20.6,91.6,2994,63.8,9.5,22.5,95.8,-4.2,1644,4595,210,4873,193,4709,2.49,10.8094392
1400000US37183053726,Wake,3048,2907,1177,1267,-90,55046,53287,1759,773,853,45,943,1090,48,903,1137,159600,145000,14600,1895,35.5,20.2,31.9,87.6,2024,43.1,16.9,34.5,94.5,-6.9,921,3183,74,2913,145,2814,2.51,4.99174917
1400000US37183053803,Wake,3727,3624,265,160,105,152250,159886,-7636,1429,1368,57,646,1642,33,656,1623,440700,441800,-1100,1710,62.7,7.8,23.2,93.7,1827,63.3,10.7,22.9,96.9,-3.2,830,2668,348,3637,229,3541,1.03,4.07638634
1400000US37183053804,Wake,3301,2846,216,111,105,130417,112024,18393,1308,1136,59,709,1434,84,600,1203,479900,440200,39700,1664,68.6,5.1,15.7,89.4,1456,62.5,7.8,24,94.3,-4.9,1067,2039,289,3169,185,2779,4.14,0.89834515
1400000US37183053805,Wake,2001,2233,61,0,61,168250,137639,30611,901,817,13,401,1003,21,466,896,492600,457900,34700,831,72.9,4.3,15.8,93,949,67.2,6.5,13.6,87.3,5.7,470,1246,197,1974,278,2193,0,1.70990566
1400000US37183053806,Wake,3077,3556,50,174,-124,123371,108667,14704,1472,1444,76,654,1513,26,767,1540,383800,348900,34900,1501,70.1,7.1,19,96.2,1611,68.4,4.2,21,93.6,2.6,904,2204,212,3018,331,3453,0,2.82445477
1400000US37183053807,Wake,3983,4008,196,218,-22,121250,114375,6875,1896,1818,41,702,2150,15,666,2010,417400,411500,5900,2059,62.7,3,25.1,90.8,2139,66.2,8.4,24,98.6,-7.8,972,2740,275,3866,224,3773,2.05,5.60414642
1400000US37183053808,Wake,5133,5348,151,287,-136,145089,156146,-11057,2613,2348,51,772,2861,26,776,2739,520900,545100,-24200,2506,63.1,5.9,28.1,97.1,2607,71.6,3.2,23.2,98,-0.9,1236,3466,549,5020,582,5202,1.91,5.60946746
1400000US37183053900,Wake,8717,6919,442,531,-89,117372,98979,18393,2707,1738,397,2412,3031,313,2201,1922,380000,321400,58600,4458,50.3,8.7,31.2,90.2,3537,46.1,8.4,20.4,74.9,15.3,2714,5613,584,8552,397,6722,2.3,1.71342497
1400000US37183054001,Wake,4765,5057,1059,868,191,42866,41894,972,1260,1264,246,1942,1487,336,1892,1592,204900,180100,24800,2742,38.9,19,30.6,88.5,2862,40.3,15.4,31.8,87.5,1,1648,4554,34,4528,84,4836,2.76,2.76872964
1400000US37183054004,Wake,5561,5060,1486,649,837,47743,44773,2970,1215,1020,308,1866,1590,334,1702,1306,175900,165500,10400,2905,38.7,15.6,24.8,79.1,2617,42.1,19.9,24.1,86.1,-7,1607,4072,99,5295,119,4930,2.94,1.81771633
1400000US37183054006,Wake,3372,3120,555,837,-282,62000,52449,9551,967,686,244,836,1137,230,1003,829,255200,230400,24800,1725,43.7,24.6,18.6,86.9,1655,43.6,19.8,21.9,85.3,1.6,990,2568,110,3160,143,2973,0.34,3.47963622
1400000US37183054007,Wake,4245,3645,994,962,32,57846,61194,-3348,1426,947,227,1081,1691,72,1079,1384,196300,187300,9000,2511,45.6,18.3,30.9,94.8,2072,42.2,11.3,32.2,85.7,9.1,1710,3129,153,4036,130,3419,3.06,2.74064171
1400000US37183054008,Wake,7289,7013,3612,3113,499,38653,37194,1459,366,259,693,2500,1305,978,2317,765,142900,135500,7400,4094,20.1,19.2,31.4,70.7,3507,23.5,15.4,24.8,63.7,7,2625,6098,227,6877,147,6652,2.44,6.30147481
1400000US37183054011,Wake,2878,2711,125,44,81,84107,93665,-9558,1276,1300,52,603,1439,0,593,1401,278100,257500,20600,1385,68.4,6.2,19.5,94.1,1523,63.8,8.5,23.4,95.7,-1.6,773,2121,215,2687,159,2631,4.79,0
1400000US37183054012,Wake,3929,3429,299,320,-21,97382,89688,7694,1646,1540,137,901,1819,15,755,1658,397900,385000,12900,1894,59.2,7.3,27,93.5,1710,65.5,3.6,22.7,91.8,1.7,1039,2323,308,3859,245,3365,2,1.18014578
1400000US37183054013,Wake,13341,11057,1186,994,192,104541,85336,19205,4695,3782,107,3347,5486,111,2593,4546,337700,297500,40200,7853,51.8,12.1,27.1,91,5718,59,8.6,27.4,95,-4,4655,8053,836,13226,702,10427,1.47,5.42123629
1400000US37183054014,Wake,14259,12333,6346,4815,1531,65179,52130,13049,1451,940,1429,3819,3445,868,4289,2164,169500,164500,5000,7124,39.2,18.3,26.9,84.4,6165,35.9,18,26.6,80.5,3.9,4505,9616,573,13577,333,11783,2.2,3.39116719
1400000US37183054015,Wake,2915,2270,894,935,-41,61161,82128,-20967,426,297,160,1051,787,48,544,696,179700,199200,-19500,1440,37.9,14.9,25.8,78.6,1185,40.8,10,37,87.8,-9.2,858,1883,127,2718,44,2167,2.74,0
1400000US37183054016,Wake,5841,5702,1399,497,902,79750,84766,-5016,1819,1966,136,1766,2382,34,1409,2372,241600,224800,16800,3505,57.6,7.6,25,90.2,3160,59.4,4,29.5,92.9,-2.7,2219,5051,214,5627,270,5503,3.21,3.44672223
1400000US37183054017,Wake,3164,2210,829,561,268,56810,53661,3149,855,568,154,982,1160,27,685,702,215700,227100,-11400,1682,50.3,12.7,22.7,85.7,1490,44.9,12.3,24.6,81.8,3.9,1007,2125,84,3012,49,2132,3.05,11.6657319
1400000US37183054018,Wake,3326,1813,1951,1012,939,41758,36833,4925,351,105,161,986,1153,30,818,310,137300,214300,-77000,2062,44.3,13,30.6,87.9,996,34.2,23.2,32.8,90.2,-2.3,1066,1744,104,3150,32,1793,6.36,14.7991543
1400000US37183054104,Wake,11831,10025,3608,4023,-415,63689,59444,4245,1132,1058,1187,3692,2477,420,3151,2420,167700,160100,7600,6439,30.3,15.4,27.6,73.3,5332,38.6,15,25.2,78.8,-5.5,4112,8735,456,11419,746,9294,1.14,3.42778162
1400000US37183054105,Wake,12940,10831,4209,3484,725,70045,64397,5648,2109,1939,469,4969,3588,271,3981,3214,171800,166400,5400,7222,53,13.8,20.2,87,6328,47,12.8,27.5,87.3,-0.3,4315,10032,685,12483,501,10318,7.18,5.39399625
1400000US37183054106,Wake,7799,6281,3498,3004,494,58008,47903,10105,385,348,968,2537,1405,610,1956,1086,159500,155100,4400,4590,33.1,21.4,24,78.5,3287,37.4,16,23.2,76.6,1.9,3186,5648,185,7681,236,5775,1.87,5.36809816
1400000US37183054108,Wake,7123,6562,2698,2486,212,48413,56630,-8217,465,659,710,2614,1096,715,2208,1072,124400,123600,800,3476,33.5,10.9,25.8,70.2,3425,35.7,15.5,27,78.2,-8,2386,5658,445,6778,214,6280,0.21,1.30033557
1400000US37183054109,Wake,3978,3079,1267,733,534,82794,86300,-3506,549,548,239,1731,751,105,1215,740,231000,224100,6900,2035,40.2,19.7,25,84.9,1732,54.2,10.9,22.9,88,-3.1,1269,3007,216,3915,140,2960,1.03,1.38380138
1400000US37183054110,Wake,9717,8270,2353,2151,202,85040,67972,17068,1758,1494,574,2955,2717,378,2520,2392,198900,173300,25600,5269,44.1,12.5,25.8,82.4,4359,38.6,9.5,30.9,79,3.4,3662,7307,508,9221,320,7691,4.52,2.07855974
1400000US37183054111,Wake,2670,2016,796,403,393,69500,54775,14725,211,213,181,1069,525,127,915,375,206500,147500,59000,1273,40.2,11.1,21.3,72.6,1030,29.4,7.8,42.4,79.6,-7,915,1581,63,2456,90,1997,1.43,1.82291667
1400000US37183054112,Wake,4214,2533,1510,981,529,59458,63661,-4203,283,370,575,1335,704,174,927,544,173800,157700,16100,1906,43.3,22.2,17.6,83.1,1278,47.3,4.4,32.9,84.6,-1.5,1268,1999,209,3997,123,2321,2.91,0.81256771
1400000US37183054113,Wake,3140,2076,1282,639,643,56994,61943,-4949,322,259,231,1394,616,224,721,443,169000,193800,-24800,1665,32,14.2,35.4,81.6,1111,28,14.8,28,70.8,10.8,1181,1804,180,3040,175,2012,2.88,7.28395062
1400000US37183054114,Wake,5706,4258,1749,1072,677,78417,68465,9952,621,555,487,2051,1163,263,1704,939,171800,156000,15800,3014,47,12.5,24.9,84.4,2171,40.6,11.8,22.6,75,9.4,1943,3612,113,5432,142,3991,1.21,1.92188469
1400000US37183054115,Wake,8179,7101,2838,1875,963,66414,65882,532,1082,1059,429,2685,2228,457,2360,1653,171400,168800,2600,4514,44.3,18.2,24.8,87.3,3724,38.1,16,24.4,78.5,8.8,3237,6147,295,7826,195,6694,5.36,1.02382725
1400000US37183054203,Wake,3656,3173,72,212,-140,122868,99074,23794,1357,1012,67,916,1521,52,991,1128,348200,361500,-13300,1835,57.2,8.1,27.6,92.9,1611,53.5,5,28.7,87.2,5.7,1126,2391,259,3524,145,3065,1.19,0.67029744
1400000US37183054204,Wake,5399,4327,690,620,70,58586,55273,3313,1305,1125,177,1636,1603,199,1067,1380,182100,166000,16100,2607,48.5,18.5,20.6,87.6,2165,47.7,15.5,30.4,93.6,-6,1612,3514,431,5189,315,3897,5.18,9.249455
1400000US37183054205,Wake,5517,4255,1598,1363,235,50911,33722,17189,1394,530,337,1699,1564,390,1547,655,184800,154800,30000,2610,40.9,20.4,30.5,91.8,1800,34.2,21.3,21.3,76.8,15,1609,2762,536,5228,586,4101,5.12,12.5813449
1400000US37183054206,Wake,5871,4906,544,348,196,70380,53882,16498,1665,1485,93,1576,1965,47,1260,1635,216400,190500,25900,2878,50.1,15.1,23.9,89.1,2370,45.1,16.7,28.1,89.9,-0.8,2008,3737,704,5611,510,4583,5.06,7.06662821
1400000US37183054207,Wake,9251,8073,1778,969,809,91938,91944,-6,2505,2381,140,2069,3644,17,1782,3002,359500,421900,-62400,4930,52.2,12.2,28.3,92.7,3875,53.8,8.6,32.2,94.6,-1.9,2782,5579,484,9055,692,7780,3.82,10.4655172
1400000US37183054208,Wake,7378,5086,906,592,314,66679,62372,4307,1963,1026,477,2091,2309,206,1677,1246,276900,222700,54200,3405,50,16,23.7,89.7,2669,54.2,17.8,18.2,90.2,-0.5,2098,4417,460,7154,309,4759,6.17,5.43887991
1400000US37183054209,Wake,11917,7733,3276,1952,1324,100088,80430,19658,2902,1450,294,2699,4535,322,2185,2426,257100,259600,-2500,6406,55.7,10.7,22.2,88.6,3618,43.8,9.3,34.6,87.7,0.9,4267,5903,545,11312,288,7346,2.47,3.40637083
1400000US37183054210,Wake,11060,6308,2585,1226,1359,80027,59000,21027,2296,1085,378,4075,2969,394,2559,1474,235800,220700,15100,5329,45.1,16.4,24.5,86,3164,45.5,13.8,19.9,79.2,6.8,3820,4888,493,10578,326,6029,4.13,3.44896332
1400000US37183054211,Wake,12484,7951,1383,758,625,100971,72148,28823,3122,1864,143,3622,3925,487,2304,2131,302000,244900,57100,5886,56.8,9,26.4,92.2,3736,47,10.7,26,83.7,8.5,3624,6009,976,12020,491,7573,2.43,5.45011318
1400000US37183054301,Wake,6618,4791,1410,1039,371,69347,49419,19928,871,650,574,2764,1057,589,2148,873,201600,153500,48100,3087,34.1,15.1,28.6,77.8,2360,28.1,20.3,25,73.4,4.4,2324,4046,168,6355,141,4702,2.03,1.46111937
1400000US37183054302,Wake,7216,6358,2650,2239,411,49123,41240,7883,497,540,952,2686,970,1217,2656,721,140800,134300,6500,3246,36.4,24.8,17.7,78.9,2571,30.1,20.5,19.3,69.9,9,2315,4327,155,6870,251,6150,2.55,2.34419668
1400000US37183054402,Wake,5781,5621,1099,1094,5,59283,48766,10517,1011,904,414,1980,1303,377,2337,1049,157000,142800,14200,2775,36.5,14.5,29.1,80.1,2848,35,11.3,24,70.3,9.8,2252,4726,175,5585,183,5371,0.72,2.73752013
1400000US37183054403,Wake,3765,3849,949,1159,-210,63723,55203,8520,388,248,594,1575,508,656,1543,359,121800,128000,-6200,1963,21.4,20,23.4,64.8,1704,21.9,8,26.2,56.1,8.7,1377,3079,76,3721,31,3695,0.73,1.34228188
1400000US37183054404,Wake,5904,6006,1116,1463,-347,52548,42564,9984,529,518,449,2711,858,632,2326,706,142100,130500,11600,2581,34.4,8.6,29.3,72.3,2653,20.2,24.2,35.1,79.5,-7.2,1816,4048,548,5682,262,5712,0.18,1.72637031
1400000US37183054500,Wake,10416,7292,3120,2493,627,47374,42071,5303,2071,643,1184,3472,2524,1350,2480,1026,186000,140800,45200,5622,37,19.3,22,78.3,3454,27.8,16.7,23.5,68,10.3,3269,5653,201,9788,181,6854,3.91,4.8721269
1400000US37183980100,Wake,0,0,0,0,0,Na,Na,#VALUE!,0,0,0,0,0,0,0,0,Na,Na,#VALUE!,0,Na,Na,Na,#VALUE!,0,Na,Na,Na,#VALUE!,#VALUE!,0,0,0,0,0,0,Na,Na
1400000US37183980200,Wake,0,28,0,0,0,Na,Na,#VALUE!,0,28,0,0,0,0,0,28,Na,Na,#VALUE!,0,Na,Na,Na,#VALUE!,28,100,0,0,100,#VALUE!,0,56,0,0,0,28,Na,0