geoid,county,rural,black,income,collegewhite,nodiploma,highschoolgrad,collegedegree,homeprice,whitecollar,early_late,privateschool,moved
1400000US37037020103,Chatham,Rural,-0.69,-16354,-8.46,9.921339466,-5.210127634,10.96231889,-31700,-16.4,-19.72763476,-0.955157296,-18.77247746
1400000US37037020104,Chatham,Rural,-0.52,-1574,2.96,-0.74331018,-0.58689367,-91.17404658,1600,3.2,-16.59440587,-2.307022088,-14.28738378
1400000US37037020105,Chatham,Rural,-5.19,8037,-0.73,1.026763603,-3.065498635,25.07850508,72100,4.3,-15.54680601,2.513306286,-18.06011229
1400000US37037020106,Chatham,Rural,-4.92,21525,-4.08,0.35568834,-0.402994629,27.60094093,83100,6.6,-18.52510193,0.887504061,-19.41260599
1400000US37037020200,Chatham,Rural,3.16,2413,2.31,1.52775852,-5.916085143,-44.2767162,24300,-2.8,-11.02281057,2.361001597,-13.38381216
1400000US37037020300,Chatham,Rural,-0.73,-712,-1.25,1.171597212,-1.284193808,7.04554691,28100,0.5,-4.204031865,1.758746334,-5.962778199
1400000US37037020401,Chatham,Rural,3.05,4806,-0.22,-9.976387703,10.45089195,-3.447075209,19700,4.3,-18.1345044,0.94234447,-19.07684887
1400000US37037020402,Chatham,Rural,5.82,-9321,2.17,-14.80893762,14.20526553,0.345931443,24000,18.4,-1.225113831,0.366394921,-1.591508752
1400000US37037020500,Chatham,Rural,-1.74,2109,-1.92,2.915005231,0.297662262,2.537804242,28900,-5.6,-17.01245438,0.762422212,-17.7748766
1400000US37037020600,Chatham,Rural,-0.21,-443,5.44,-1.634317116,-1.360194567,-2.086596599,47200,6.9,-8.380236945,-1.24538661,-7.134850335
1400000US37037020701,Chatham,Rural,-1.34,-154,7.66,-7.065384482,-0.228044989,-11.69273393,-10500,-3.2,-17.57589747,-3.777134726,-13.79876274
1400000US37037020702,Chatham,Rural,-14.14,7843,5.68,-0.649316196,-5.57932794,23.26859466,106200,3.6,-9.448795377,0.039764017,-9.488559394
1400000US37037020800,Chatham,Rural,-4.33,8403,3.4,-8.694043564,0.514833217,-67.76186,44000,6.1,-8.564759655,0.472581237,-9.037340892
1400000US37063000101,Durham,Urban,1.46,-861,6.78,-0.343085768,-6.078780591,11.69854613,31300,13.9,-26.76019405,-1.76661204,-24.99358201
1400000US37063000102,Durham,Urban,-8.31,-553,3.54,4.663996584,-9.362821479,-1.784335573,29900,5.6,-14.47130724,-0.865467607,-13.60583963
1400000US37063000200,Durham,Urban,-17.46,12138,1.56,-2.137345134,1.93879027,-12.46670916,47100,10.1,-11.55478358,3.056295195,-14.61107878
1400000US37063000301,Durham,Urban,-7.96,-3235,-2.61,11.58612268,-3.40086483,7.598214286,70300,-0.6,-23.60447214,-1.120985591,-22.48348655
1400000US37063000302,Durham,Urban,-12.52,22468,17.25,-4.134249277,-13.58184158,3.878571633,110000,6.9,-29.85492983,-3.374114774,-26.48081505
1400000US37063000401,Durham,Urban,-11.47,24339,11.5,-11.4848025,-5.061466286,-7.506195383,36700,-6.1,-30.53171957,2.645240163,-33.17695973
1400000US37063000402,Durham,Urban,-4.26,9707,2.73,-4.31705928,-7.99762269,36.34709698,106100,4.1,-47.06446153,5.465234772,-52.5296963
1400000US37063000500,Durham,Urban,-3.38,8766,2.9,3.789475123,-19.46312922,27.36052521,27700,12.9,-20.14957018,7.451789619,-27.6013598
1400000US37063000600,Durham,Urban,-4.72,-4974,8.08,-5.334174645,-6.333233926,-30.10059125,113500,5,-23.17461846,0.540077774,-23.71469624
1400000US37063000700,Durham,Urban,-2.87,-4261,1.3,-3.251291931,-1.149988886,-85.42234383,20400,7.7,-31.83710891,-3.948852564,-27.88825635
1400000US37063000900,Durham,Urban,-20.41,12148,2.61,-1.424916348,3.034659211,5.877969764,29300,-8.6,-12.41200828,-0.125177224,-12.28683106
1400000US37063001001,Durham,Urban,8.93,5775,2.83,-0.377312225,-6.856943042,9.687936187,10400,11.3,-18.32857065,0.929159029,-19.25772968
1400000US37063001002,Durham,Urban,-12.86,1227,-0.24,10.18592072,-13.88864119,-4.571021501,-900,8,-3.675317323,3.273686892,-6.949004215
1400000US37063001100,Durham,Urban,-15.2,3886,4.72,-10.06121924,-1.136067713,7.171958522,55000,0.6,-13.75931612,3.854455751,-17.61377188
1400000US37063001301,Durham,Urban,-4.35,14883,0.87,-14.80944675,10.16298839,8.622747099,-8100,8.1,-10.7032912,1.064454272,-11.76774547
1400000US37063001303,Durham,Urban,-4.73,1860,0.14,-11.61311471,6.953283833,11.57668968,16400,-6.6,-8.888666359,11.76635875,-20.6550251
1400000US37063001304,Durham,Urban,-7.24,-1086,0,-0.747984233,2.606496866,0.060744932,24800,21,-12.08264915,2.07499289,-14.15764204
1400000US37063001400,Durham,Urban,-10.1,1929,0.29,-1.122533577,-5.149765428,-382.1939587,-14500,-17.7,-20.67647974,0.697112431,-21.37359217
1400000US37063001501,Durham,Urban,17.8,2240,0.47,16.39344262,-68.85245902,52.45901639,#VALUE!,-1.7,2.426204859,26.81322444,-24.38701958
1400000US37063001502,Durham,Urban,1.24,4739,5.13,-12.72354764,-2.276014118,-1230.324393,#VALUE!,4.1,-17.88004009,12.13222224,-30.01226233
1400000US37063001503,Durham,Urban,21.75,#VALUE!,-0.67,-32.91139241,-31.27807268,80.32590785,#VALUE!,6.5,7.107677269,35.39311204,-28.28543477
1400000US37063001601,Durham,Rural,-0.75,9495,-0.5,-6.673122989,6.888395373,-0.755278439,9000,3.7,-14.98622389,2.349060017,-17.3352839
1400000US37063001603,Durham,Rural,9.92,-3191,0.67,-4.859361364,7.600028731,3.132119586,-3200,-1.8,-4.07328223,1.242021993,-5.315304223
1400000US37063001604,Durham,Rural,-3.35,14316,4.5,-3.337884152,-8.788097491,-11.10762673,26100,8.2,-10.21945512,-1.723416258,-8.496038864
1400000US37063001705,Durham,Urban,11.71,11967,2.14,3.340882497,-4.436738225,-2.706120086,25200,-2.2,-21.13471237,5.437575173,-26.57228754
1400000US37063001706,Durham,Urban,-10.07,4218,1.47,3.53695933,-5.344250687,30.63772497,33300,4.9,-20.76682609,1.057754468,-21.82458055
1400000US37063001707,Durham,Rural,-1.91,936,7.99,-4.446600843,-6.926299774,-50.82118429,33100,-3.5,-15.00660189,4.431486988,-19.43808888
1400000US37063001708,Durham,Urban,-10.23,15772,0.63,6.194295445,-17.47467007,17.68487705,9300,-0.9,-19.23247046,0.239647713,-19.47211817
1400000US37063001709,Durham,Urban,-6.21,3220,0.39,-0.077082081,4.614599815,-7.372829822,-24900,-1.9,-19.25496011,-2.543967927,-16.71099218
1400000US37063001710,Durham,Urban,8.79,10588,3.61,-6.463304284,1.437756537,4.777856649,5300,5.8,-10.18061718,-0.533778952,-9.646838229
1400000US37063001711,Durham,Urban,8.7,5661,2.13,-3.779399118,-3.564025744,12.77132628,7700,3.6,-15.35559915,0.55751972,-15.91311887
1400000US37063001801,Durham,Rural,-6.79,3027,1.76,6.534666341,-13.49383858,7.212205676,5500,-11.8,-12.61704891,1.186901247,-13.80395016
1400000US37063001802,Durham,Urban,-12.02,1184,-1.36,4.704835822,9.622627566,-16.18012358,-400,-8.5,-10.1068033,-0.235700755,-9.87110254
1400000US37063001806,Durham,Rural,-1.12,-4288,1.38,-1.793439246,-0.546680547,12.09379633,-14200,-11.4,-17.53297667,1.983476226,-19.5164529
1400000US37063001807,Durham,Rural,0.77,4359,1.92,2.145581691,-10.89167749,-20.37413105,-3000,2.2,-14.50535089,0.271445626,-14.77679651
1400000US37063001808,Durham,Rural,2.95,6972,5.98,-6.452717728,-7.66802697,27.65821786,23100,9.8,-17.67266553,0.820541002,-18.49320653
1400000US37063001809,Durham,Rural,4.98,5263,0.61,-3.27434122,2.28104752,-63.13520792,16000,5.9,-22.4482597,2.772019886,-25.22027959
1400000US37063001900,Durham,Rural,1.24,4902,-1.92,-1.559847389,-3.655292869,29.17406053,35100,0.7,-17.83850324,-0.565623292,-17.27287995
1400000US37063002007,Durham,Urban,4.76,11630,3.39,-6.463597038,-4.662923401,-35.98627239,4600,-1.6,-34.33347023,-0.133329608,-34.20014062
1400000US37063002008,Durham,Urban,3.03,4554,4.01,-7.746025823,-4.52390296,39.42156584,67000,5.1,-19.12384426,3.334762765,-22.45860702
1400000US37063002009,Durham,Urban,-8.6,-6512,-1.3,-4.582579978,11.20235923,-9.175447335,-7600,-12,-5.448439282,-2.308839904,-3.139599378
1400000US37063002013,Durham,Urban,1.7,4634,2.9,6.910451977,-4.50348513,-3.378094681,8700,-3.5,-15.890462,-3.159609128,-12.73085287
1400000US37063002015,Durham,Urban,-10.96,-350,1.84,6.872891845,0.752218542,-1.997200094,18800,-0.2,-19.71433465,-1.054316015,-18.66001864
1400000US37063002016,Durham,Urban,6.17,1728,-0.86,-2.785504431,6.664122616,5.786373065,-37700,5.4,-14.45148977,-4.054332391,-10.39715738
1400000US37063002017,Durham,Rural,3.48,-829,1.1,2.384182367,-2.785493154,13.72316468,-2100,0.4,-23.10124486,-6.08028041,-17.02096445
1400000US37063002018,Durham,Urban,5.36,21542,-1.57,-0.277212274,1.932259049,-63.68790011,-8800,-3,-28.4840697,1.438486874,-29.92255658
1400000US37063002019,Durham,Rural,1.02,28907,8.24,-1.27894548,1.459261437,13.80299295,31900,-6.5,-17.65696749,0.051625069,-17.70859256
1400000US37063002020,Durham,Rural,-8.72,9719,1.63,1.356085661,2.375700479,-22.27547405,19600,1.4,-26.10523926,-1.06360676,-25.0416325
1400000US37063002021,Durham,Urban,-9.14,24009,4.5,3.670928542,-5.615393695,6.486028568,39200,-2.4,-20.3933119,1.446452842,-21.83976474
1400000US37063002022,Durham,Urban,11.63,14777,2.84,-2.788557702,-5.663843331,-15.65959639,23100,0.3,-13.85639123,-0.141469979,-13.71492125
1400000US37063002023,Durham,Urban,-11.51,17067,0.53,-0.460868426,13.37886878,21.42843997,20800,-10,-20.14331091,2.812428712,-22.95573962
1400000US37063002024,Durham,Urban,0.18,4530,4.71,-0.933622907,0.541013763,-13.42882142,3400,-1.9,-20.78631485,-3.56028303,-17.22603182
1400000US37063002025,Durham,Urban,-8.76,22903,2.23,-6.114484304,4.525076467,-1.080093825,21100,3.7,-18.40826023,-2.101392341,-16.30686789
1400000US37063002026,Durham,Urban,3.84,3456,2.64,-0.952321493,-10.09547532,19.88536913,12100,2.6,-18.79033533,0.509342717,-19.29967805
1400000US37063002027,Durham,Rural,15.39,3511,-4.75,0.553367496,7.706429109,-28.88441829,16400,-8,-16.91008672,-0.950830099,-15.95925662
1400000US37063002028,Durham,Rural,8.26,15977,0.75,0.654073141,-0.134431958,27.35385747,4200,-5.1,-19.8588622,-0.133357301,-19.7255049
1400000US37063002100,Durham,Rural,5.14,-228,-2.11,-3.419416024,7.585959545,-122.9537901,25600,-0.3,-7.382257829,1.204924578,-8.587182408
1400000US37063002200,Durham,Urban,1.44,25322,15.42,-11.5361663,-12.64072402,9.835883284,105000,-2.3,-29.29798964,0.683055282,-29.98104492
1400000US37063002300,Durham,Urban,6.51,-1068,5.65,-18.39167543,-1.181510678,-58.62819341,94100,19.3,-32.09864848,1.819860516,-33.91850899
1400000US37063980100,Durham,Rural,#DIV/0!,#VALUE!,#DIV/0!,#DIV/0!,#DIV/0!,#DIV/0!,#VALUE!,#VALUE!,#DIV/0!,#DIV/0!,#DIV/0!
1400000US37135010701,Orange,Rural,2.97,35772,-0.6,-9.720919564,4.976543268,42.40091281,85300,2.8,-11.99242925,-2.493379762,-9.499049487
1400000US37135010703,Orange,Urban,3.29,4947,4.07,-9.946862478,3.23950874,-5.666283654,6900,8.9,-21.58957474,1.228924735,-22.81849948
1400000US37135010704,Orange,Urban,-3.87,12315,0.67,0.227885072,5.290473371,-13.67752274,-49800,-8.5,-21.64388807,2.591989987,-24.23587806
1400000US37135010705,Orange,Urban,-3.56,26007,7.35,-3.391493972,-7.359724987,-10.44750019,22400,9.5,-11.45853176,2.85806883,-14.31660059
1400000US37135010706,Orange,Urban,-3.67,14183,9.01,0.891265597,-4.309611957,33.714485,1100,0.5,-33.11647142,0.625291237,-33.74176265
1400000US37135010801,Orange,Rural,0.28,-2408,0.81,-7.207878071,7.023958221,-0.587670559,47000,1.9,-7.643038478,0.081921487,-7.724959964
1400000US37135010802,Orange,Rural,2.6,1529,4.45,-5.34238275,1.716550569,5.039724741,22300,-0.7,-13.78925843,0.469217321,-14.25847575
1400000US37135010901,Orange,Rural,-1.26,-6702,5.85,5.57178116,-15.50659308,6.346469112,43600,6.7,-12.31581336,4.778849177,-17.09466253
1400000US37135010902,Orange,Rural,0.45,7717,3.53,2.017115704,-9.280329405,17.06784788,34500,-4.6,-9.185870125,-0.53062114,-8.655248986
1400000US37135011000,Orange,Rural,-8.9,4958,7.37,-8.099910391,-0.898982931,11.52118561,63100,11.3,-19.7394306,-0.657773907,-19.08165669
1400000US37135011101,Orange,Rural,-0.72,6977,3.01,-3.166238126,-6.391895085,2.370677695,21300,-2.3,-10.34508802,0.582932824,-10.92802085
1400000US37135011102,Orange,Rural,-0.56,15650,5.27,-8.601845989,0.899554531,12.01144724,6100,18.1,-11.14420831,-1.185317031,-9.95889128
1400000US37135011202,Orange,Rural,2.75,13437,2.56,-1.859209086,-2.824009765,-5.658751263,43000,1.7,-19.88522995,1.233794036,-21.11902398
1400000US37135011203,Orange,Rural,-2.77,5750,-3.9,-1.984324407,7.337835562,-28.43025259,-22300,-3.7,-14.23387831,-1.52142276,-12.71245555
1400000US37135011204,Orange,Rural,3.33,12930,-4.01,-2.981927887,4.363290566,24.60432541,62200,-1.8,-22.13296626,2.056157747,-24.189124
1400000US37135011205,Orange,Rural,3.45,15844,4.84,-7.776542914,0.609860631,-244.1064227,30700,6.6,-32.06789788,2.099295563,-34.16719344
1400000US37135011300,Orange,Urban,-19.61,-850,-4.04,-1.854935581,-1.166083408,23.02471792,72400,-13.2,-10.50224826,-0.104276573,-10.39797169
1400000US37135011400,Orange,Urban,-4.65,-4089,-8.35,-5.775093659,3.213004613,-26.14871542,-17200,2.3,-17.55914138,-1.0976619,-16.46147948
1400000US37135011500,Orange,Urban,-2.44,55446,9.02,5.650368171,-11.22764677,-2285.63991,232700,0.3,-30.13762291,1.766424378,-31.90404728
1400000US37135011601,Orange,Urban,-1.73,#VALUE!,0,0,-100,100,#VALUE!,-2.3,-8.835144458,0.762501402,-9.597645859
1400000US37135011602,Orange,Urban,-1.46,25893,-3.62,0,-5.881069285,42.90909949,#VALUE!,-2.2,-19.67139419,-1.379862353,-18.29153184
1400000US37135011700,Orange,Urban,4.05,10708,-0.19,-3.866848955,-3.760245474,21.57573357,-13700,7.2,-27.07654989,2.211017548,-29.28756743
1400000US37135011800,Orange,Urban,-1.83,15900,3.67,0.500731663,-9.354612524,44.67441698,36300,-4,-19.71607934,2.064905815,-21.78098516
1400000US37135011901,Orange,Urban,2.01,11678,0.71,2.983749133,6.573353827,-19.78494477,53100,-4.3,-29.72197134,-0.854820478,-28.86715086
1400000US37135011902,Orange,Urban,7.04,-10315,-0.82,1.221505709,0.458225535,35.53234951,54000,-2.3,-25.51760006,-1.482986145,-24.03461391
1400000US37135012100,Orange,Urban,-1.79,8116,-7.2,1.008533047,8.494021473,-111.3211535,-8300,-1.9,-25.04457108,-0.110744001,-24.93382707
1400000US37135012201,Orange,Rural,3.98,-1391,1.68,1.805908698,-0.507265164,23.99912069,86200,-5.3,-20.8152576,-3.689285088,-17.12597252
1400000US37135012202,Orange,Urban,-3.11,36047,12.28,-1.129176937,-9.061338398,-44.33131772,-8900,5.7,-17.11945939,-0.875790899,-16.24366849
1400000US37183050100,Wake,Urban,-10.87,22116,9.23,-6.019744,-6.811547624,19.27130349,-39600,9.2,-26.78681419,0.134500548,-26.92131474
1400000US37183050300,Wake,Urban,-2.43,6253,0.73,-2.962039408,-1.335355672,-56.07971014,49400,1.4,-21.59910764,0.556666739,-22.15577438
1400000US37183050400,Wake,Urban,-19.61,24583,20.7,-2.056903974,-13.00108897,41.02170204,71100,-1.1,-36.54151986,5.087053844,-41.6285737
1400000US37183050500,Wake,Urban,-23.48,8111,10.4,-1.116515187,-10.04513764,-1.604677152,53800,-2.9,-22.91306759,-0.884320347,-22.02874725
1400000US37183050600,Wake,Urban,-13.64,7602,6.12,-9.041420979,-0.931511076,10.94943039,144900,5.2,-27.99571162,-2.174018773,-25.82169285
1400000US37183050700,Wake,Urban,-18.24,14142,6.73,-12.1468771,-2.612588188,18.43852224,71300,-2.5,-3.729029132,1.87937635,-5.608405482
1400000US37183050800,Wake,Urban,4.34,5401,1.64,-29.04110086,25.2624382,1.150860275,72400,29.1,-13.8282907,1.272535743,-15.10082644
1400000US37183050900,Wake,Urban,-18.77,11337,0.66,-11.64647891,11.23197982,3.034030009,120400,-5.5,-19.48321806,3.928107145,-23.41132521
1400000US37183051000,Wake,Urban,-1.99,18007,5.06,-0.364071513,-4.338844075,-13.6796415,39800,4.1,-27.14384095,1.812524537,-28.95636549
1400000US37183051101,Wake,Urban,5.1,13631,-0.11,-4.811956248,22.33252677,-31.17118382,-25900,-12.6,-28.09806716,2.775628433,-30.87369559
1400000US37183051102,Wake,Urban,5.37,8512,1.12,-13.96710578,2.486034905,13.56792124,#VALUE!,-1.5,-28.94803389,3.560341688,-32.50837557
1400000US37183051200,Wake,Urban,0.98,21860,7.28,2.709725316,-8.274384451,23.86169449,43900,5.9,-35.93562311,2.185706745,-38.12132986
1400000US37183051400,Wake,Urban,-2.99,2639,7.22,1.87460815,-7.577657452,-15.00607932,85200,3.4,-37.11579327,-0.378458165,-36.7373351
1400000US37183051501,Wake,Urban,3.63,12477,0.11,-0.147991388,3.721224965,-38.89238103,36000,-0.5,-32.15515939,0.721008206,-32.8761676
1400000US37183051502,Wake,Urban,-2.15,31651,12.43,-4.162666703,-8.153616643,46.45591952,103900,6.9,-21.04982574,1.095563777,-22.14538951
1400000US37183051600,Wake,Urban,-2.23,31508,4.46,-1.851646668,-3.668803318,-50.0709362,76000,1.1,-21.42374786,-4.014357065,-17.40939079
1400000US37183051700,Wake,Urban,0.47,57269,4.84,-0.392396296,-3.177700348,34.51983796,4200,3.7,-26.16260891,2.019754638,-28.18236355
1400000US37183051800,Wake,Urban,-6.5,35733,19.51,-2.448008554,-18.73444145,15.53847994,105100,3.9,-23.69514543,-0.425355246,-23.26979019
1400000US37183051900,Wake,Urban,-8.19,11305,3.28,1.152128573,-3.291252607,-6.649485346,34300,-5.3,-16.67663077,-0.23129803,-16.44533274
1400000US37183052001,Wake,Urban,14.04,4242,0.61,-13.64099731,16.75288982,1.500165434,91800,-3,-8.735002973,2.422881668,-11.15788464
1400000US37183052002,Wake,Urban,-15.93,3601,0.42,3.309501979,-6.00444971,6.695199714,9700,-2.2,-13.68245591,1.778226667,-15.46068258
1400000US37183052101,Wake,Urban,9.15,-5924,0.99,1.561611961,-0.553279033,-7.250447655,9000,13.3,-22.07582312,1.964798612,-24.04062173
1400000US37183052102,Wake,Urban,0.69,4944,0.81,-2.600538104,-2.22913888,-6.197131379,3000,2.2,-16.07456968,-0.774188628,-15.30038105
1400000US37183052301,Wake,Urban,-3.19,5400,0.96,0.296174788,11.95847256,11.91133455,7500,-6.1,-14.43683049,2.023092402,-16.4599229
1400000US37183052302,Wake,Urban,-0.91,24873,3.07,-14.19866462,0.135506419,-20.73721583,9000,0.5,-32.79750036,0.486137874,-33.28363823
1400000US37183052401,Wake,Urban,-15.18,21682,16.33,-0.428107663,-26.10361137,42.29991749,99800,9,-25.51107221,9.626387051,-35.13745926
1400000US37183052404,Wake,Urban,-0.94,13141,0.95,-3.392428293,-1.269153013,15.80254271,19100,6.3,-17.53849724,-0.428025868,-17.11047137
1400000US37183052406,Wake,Urban,-1.94,6035,4.27,4.973522155,-12.78987098,-7.635646347,-8600,-2.7,-17.03781635,2.27542739,-19.31324374
1400000US37183052407,Wake,Urban,-0.88,4488,1.83,4.517418692,-7.142268063,-12.1620653,24100,-1.4,-25.86234151,-1.080740824,-24.78160069
1400000US37183052408,Wake,Urban,-5.27,4650,-3.72,-12.2955249,10.34666942,-8.226693507,-32800,6,-18.98180824,5.107283167,-24.08909141
1400000US37183052409,Wake,Urban,-4.51,12855,3.42,2.490694741,-14.35552344,48.9847247,#VALUE!,2.4,-33.76576292,2.335767495,-36.10153042
1400000US37183052503,Wake,Rural,-5.5,24208,0.08,4.444195954,-4.510878845,-8.67629523,6500,-6.2,-22.57072133,2.103169955,-24.67389129
1400000US37183052504,Wake,Urban,-9.2,18731,0.22,2.06425721,0.185814725,-9.504476068,87400,6.1,-20.35176446,1.495023155,-21.84678761
1400000US37183052505,Wake,Urban,-3.77,-2788,1.71,6.014239853,-3.252925417,-93.24768445,33400,6.9,-22.71649607,-0.064222396,-22.65227368
1400000US37183052506,Wake,Urban,8.48,-1446,-5.06,-1.228150775,-0.793330211,19.62590848,-15000,-8.6,-15.73834651,1.537737299,-17.27608381
1400000US37183052507,Wake,Urban,-8.05,702,9.18,-2.178908565,-11.56839271,20.14064176,9800,-8.5,-9.784599307,1.171607725,-10.95620703
1400000US37183052601,Wake,Urban,-6.88,25403,1.78,0.194047015,-5.527123625,23.10906519,34600,-6.3,-25.00517812,2.019598693,-27.02477681
1400000US37183052602,Wake,Urban,4.94,11929,9.28,-7.547186548,-9.800149487,-11.59245954,29700,13.3,-22.20543971,0.329592201,-22.53503191
1400000US37183052603,Wake,Urban,-13.01,28379,18.37,-3.819092496,-19.14284313,54.21343727,222800,3.8,-41.00312928,0.379010298,-41.38213958
1400000US37183052701,Wake,Urban,-4.97,13016,-0.62,-3.505740596,-0.925005333,8.430841148,66200,5.8,-26.42046385,1.267004904,-27.68746875
1400000US37183052704,Wake,Urban,-2.49,6101,-0.44,2.41475237,-2.593638332,-10.00330092,-4400,11,-15.44168224,1.539713733,-16.98139597
1400000US37183052705,Wake,Urban,8.78,8585,2.38,2.246579743,-10.1579002,16.36147701,12000,2.5,-3.73297012,0.980450779,-4.713420898
1400000US37183052706,Wake,Urban,-1.82,5033,1.93,10.77697709,-9.673407975,6.229587489,-400,3.1,-19.33628163,1.85012971,-21.18641134
1400000US37183052707,Wake,Urban,-0.31,5361,1.35,0.710029606,1.540531184,-4.135887923,13400,-4.2,-31.3202738,1.352070794,-32.6723446
1400000US37183052801,Wake,Urban,11.01,2373,-3.2,-1.313477564,8.386621661,-7.136533352,9100,-3.9,-14.35238818,-3.044000462,-11.30838771
1400000US37183052802,Wake,Urban,-0.26,6350,-0.22,-1.961811545,-1.719365447,8.615982102,5100,10,-10.1548374,1.374283495,-11.52912089
1400000US37183052803,Wake,Rural,1.99,3347,-0.68,-4.026619529,0.901232185,6.203940903,3900,1.1,-16.13461465,3.762083785,-19.89669843
1400000US37183052806,Wake,Rural,-4.49,2513,-1.23,2.203373258,0.71234668,-61.93940425,5300,-8.6,-7.126103866,0.332132682,-7.458236547
1400000US37183052807,Wake,Rural,14.57,4513,-2.67,-10.87174931,2.907922604,19.55129611,12100,20.6,-11.63779941,0.966227049,-12.60402645
1400000US37183052808,Wake,Rural,1.3,731,-2.5,4.206999255,-2.862993299,-87.27492165,25100,6.7,-11.72772415,1.156689432,-12.88441358
1400000US37183052809,Wake,Rural,-15.98,4744,-0.24,-8.16009427,3.805504554,5.01367688,9400,14.1,-15.70091145,2.339566945,-18.04047839
1400000US37183052901,Wake,Rural,0.45,-8056,-1.4,4.974847304,-4.618540261,18.02786582,-27800,-5.1,-6.740906489,3.936465799,-10.67737229
1400000US37183052902,Wake,Rural,-0.47,-2816,3.55,-0.857698931,-0.262075959,-16.99088284,13500,3.8,-12.955802,2.877769217,-15.83357122
1400000US37183052903,Wake,Rural,1.35,-3224,7.33,2.758340015,-11.44347267,25.34555617,24800,-0.8,-12.635108,0.421455416,-13.05656341
1400000US37183052904,Wake,Rural,0.52,-6126,-1.71,2.224496038,-2.601876381,-21.00407485,-2300,2.5,-9.178694322,1.01139825,-10.19009257
1400000US37183053003,Wake,Urban,11.47,-1776,-0.56,-1.432362158,-5.749042062,-19.13413663,-1000,0.2,-25.99849771,0.767463763,-26.76596147
1400000US37183053004,Wake,Urban,0.74,-20591,-2.54,-2.040391848,7.461087145,27.33393015,-24100,-3.7,-30.49254865,-2.443512985,-28.04903567
1400000US37183053005,Wake,Urban,0.45,7907,1.73,1.448871552,7.695526129,-63.45740591,15800,-2.4,-18.45968581,-4.13097504,-14.32871077
1400000US37183053006,Wake,Urban,1.38,16267,10.41,0.751499477,-5.653707125,3.057736419,20300,-8.6,-13.58392087,1.017074479,-14.60099535
1400000US37183053007,Wake,Urban,0.05,31833,5.32,2.47246559,-11.75360527,40.8502953,58700,9.5,-11.49098022,4.874347617,-16.36532784
1400000US37183053008,Wake,Urban,3.28,18673,7.41,-3.098373467,-4.823361946,5.722416024,-16600,9.9,-18.77812155,-2.720422542,-16.05769901
1400000US37183053009,Wake,Urban,3.89,8264,6.46,-10.65390054,3.886193911,-20.57216644,39000,9.4,-21.86069277,1.306187417,-23.16688019
1400000US37183053105,Wake,Urban,4.59,9880,5.87,1.339029778,-9.879737876,4.007326726,35300,8.6,-7.345326279,4.512613349,-11.85793963
1400000US37183053106,Wake,Urban,-0.51,9601,-5.98,7.572837478,1.012454135,15.29130847,19200,2.2,-25.93186476,-1.32483236,-24.6070324
1400000US37183053107,Wake,Urban,-4.91,13739,-0.06,-2.612285231,1.851508008,-5.976602326,19600,3.4,-19.80859636,-2.557813331,-17.25078303
1400000US37183053108,Wake,Rural,-6.16,13799,2.45,-1.204176587,-1.05336872,6.614702164,36600,0.4,-8.444359796,2.928737497,-11.37309729
1400000US37183053109,Wake,Rural,-0.87,6291,5.93,-0.488751608,-8.277180569,-7.595130851,14100,5.1,-9.236871449,-3.453190298,-5.783681151
1400000US37183053110,Wake,Rural,4.54,11989,4.55,2.766051555,-14.42068671,8.226987506,16300,5.7,-9.694744909,3.203792105,-12.89853701
1400000US37183053111,Wake,Urban,2.97,28130,-1.28,-8.018201071,-5.035847482,28.43339056,36600,-2.1,-18.76688722,0.185311291,-18.95219851
1400000US37183053201,Wake,Urban,-2.81,12156,0.38,0.414798943,-1.726793688,-45.00311419,47600,2.4,-15.57481921,0.076019134,-15.65083835
1400000US37183053202,Wake,Urban,4.21,23334,0.47,-0.908297483,-4.737615458,20.30162953,8300,7.1,-25.05591493,-2.669904755,-22.38601017
1400000US37183053203,Wake,Urban,2.45,21149,-0.81,0.912766545,-2.730241363,-18.21161863,26900,-3.1,-11.56558728,-3.032835985,-8.532751299
1400000US37183053204,Wake,Urban,-3.3,1382,-0.3,0.754061547,2.186662622,-64.15239432,20100,-2.7,-6.922021372,2.360640184,-9.282661556
1400000US37183053205,Wake,Urban,-6.5,17243,1.79,-3.145488244,2.702413832,29.10002353,39800,3,-18.81274171,1.018835679,-19.83157739
1400000US37183053206,Wake,Rural,-12.26,-1524,-1.02,-5.70340292,8.565989096,5.106582428,28400,2.2,-3.428133941,-2.500511716,-0.927622225
1400000US37183053207,Wake,Rural,-1.14,23369,7.3,-3.43745025,-9.615372369,16.82571935,53900,0.3,-20.37939334,2.644000849,-23.02339419
1400000US37183053405,Wake,Urban,4.85,-226,0.4,-0.439666883,0.91970288,-42.04302478,24700,-3,-17.18716428,0.919809999,-18.10697428
1400000US37183053408,Wake,Urban,-2.13,6292,-0.69,1.515725654,6.233293791,26.80770498,8800,-3.7,-9.471580808,0.005489456,-9.477070265
1400000US37183053409,Wake,Urban,2.81,6426,1.03,-0.625361269,3.253983296,-56.04353156,50800,-5.8,-21.79321599,-3.197065738,-18.59615025
1400000US37183053410,Wake,Urban,0.47,-20611,-4.11,-4.858307952,-1.420785231,30.97217723,-39500,-3.4,-33.02900561,-2.332834598,-30.69617101
1400000US37183053411,Wake,Rural,-3.93,51542,-5.45,-1.216741721,-11.30337313,3.540235509,-4100,2.4,-38.2530835,2.625083286,-40.87816679
1400000US37183053412,Wake,Rural,-3.05,40980,-3.97,-0.424519181,-0.472117687,5.235330209,60900,-0.3,-21.85798073,0.895965167,-22.7539459
1400000US37183053413,Wake,Rural,-4.42,28276,3.73,-3.41098662,-10.52201874,30.59871505,94200,6.3,-16.63588452,1.628747063,-18.26463158
1400000US37183053414,Wake,Urban,0.2,9360,1.22,-2.359117352,3.853512388,-108.1414215,24300,1,-26.37617204,-0.668576744,-25.7075953
1400000US37183053415,Wake,Urban,-3.05,27231,0.59,-1.661666099,-6.586167279,33.07862245,30700,11.2,-23.2881074,-4.429542786,-18.85856461
1400000US37183053416,Wake,Urban,2.82,1915,0.95,-0.77684321,3.581274109,-57.74703649,48600,-5.4,-16.78518427,-0.863810402,-15.92137386
1400000US37183053417,Wake,Rural,-5.9,29859,3.61,-6.078972608,-6.212096021,31.31146265,44800,12.4,-18.15456286,-2.652166437,-15.50239643
1400000US37183053418,Wake,Urban,1.05,13429,4.11,3.91379216,-20.67189507,-38.77444783,30400,-5.2,-21.87459881,0.441396039,-22.31599485
1400000US37183053419,Wake,Urban,1.55,19929,3.55,-1.312089396,4.642383496,38.34939609,42600,4.8,-25.70335226,1.969429091,-27.67278135
1400000US37183053420,Wake,Rural,4.36,26779,5.57,-4.159517458,-9.854857115,3.011210497,21900,9.8,-18.34974327,-1.47592277,-16.8738205
1400000US37183053421,Wake,Urban,-0.63,20871,3.66,1.005853125,-5.17487417,-33.24705486,-4400,-2.3,-14.57964588,-1.914484729,-12.66516115
1400000US37183053422,Wake,Urban,0.43,3640,3.9,0.00209581,-8.122835421,3.356523219,19200,3.2,-19.05718954,3.398091823,-22.45528136
1400000US37183053423,Wake,Urban,4.15,9021,2.91,2.109410651,-5.791188463,29.45313702,34200,-5.4,-24.18538601,-1.815516984,-22.36986902
1400000US37183053424,Wake,Urban,-0.43,14444,-3.57,-0.175852135,11.20766113,-71.07918331,35400,-1.3,-21.66574543,-0.890619428,-20.775126
1400000US37183053425,Wake,Urban,-2.79,-16576,2.64,1.501852188,-15.18817409,34.23451608,35300,1,-7.060569513,0.403220761,-7.463790275
1400000US37183053505,Wake,Urban,-1.43,15773,3.51,-4.506172025,-0.796705834,28.8433675,28200,-2,-22.16779273,2.014678451,-24.18247118
1400000US37183053506,Wake,Urban,-5.89,13012,15.82,-0.918902146,-6.259905356,-18.95581719,30200,-0.3,-24.97574178,2.977508063,-27.95324985
1400000US37183053507,Wake,Urban,-1.98,3061,4.39,2.474704066,-9.125863379,17.51112084,37600,-4,-17.40791009,0.844355308,-18.25226539
1400000US37183053509,Wake,Urban,2.41,-10231,-4.41,3.169698096,4.807998246,-1.040229045,43700,-2.7,-23.65218869,-0.312412689,-23.339776
1400000US37183053512,Wake,Rural,1.95,4105,2.26,0.6163331,-0.717906703,-34.50665439,54600,-1.6,-23.10859878,-1.117336526,-21.99126226
1400000US37183053513,Wake,Urban,-7.04,13571,2.92,-2.741818786,-1.967287004,-3.01774782,77600,-6.6,-20.80103172,-0.054787054,-20.74624466
1400000US37183053516,Wake,Urban,15.7,-4544,-10.63,-2.017273023,13.93604634,-4.030989898,14600,-8.2,-32.89902767,0.224888918,-33.12391658
1400000US37183053517,Wake,Urban,1.38,-5604,-3.53,5.909962293,-1.297368528,-3.825395956,-33600,4.5,-15.70111568,-0.561529559,-15.13958612
1400000US37183053518,Wake,Urban,0.47,15515,2.89,-0.737862648,0.588396877,2.034178156,20200,-2.6,-13.30711184,0.244338884,-13.55145073
1400000US37183053519,Wake,Urban,11.33,5491,-5.31,-2.677879409,-5.074361085,13.5692031,12000,5.8,-11.7341795,0.880854767,-12.61503426
1400000US37183053520,Wake,Urban,0.35,1307,-1.81,-4.578866832,1.121518903,-23.98488755,39900,3.7,-24.68593027,2.429574476,-27.11550474
1400000US37183053521,Wake,Rural,-0.24,9695,4.81,2.686886586,0.421102263,22.51147559,49600,-5.9,-24.63975495,1.155775133,-25.79553009
1400000US37183053522,Wake,Urban,3.78,20456,0.55,5.078597752,-8.044250313,0.942111178,-25900,2.6,-23.45858808,-0.9709319,-22.48765618
1400000US37183053523,Wake,Urban,1.7,3007,-0.03,2.931209592,-3.074746179,-21.07694714,31500,-8.2,-19.4208905,0.15249276,-19.57338326
1400000US37183053524,Wake,Urban,1.36,11277,4.2,-3.845034772,-2.326225021,-20.69665548,26700,-1,-18.47792806,-0.037831517,-18.44009654
1400000US37183053525,Wake,Urban,-1.69,-1960,2.8,0.404712846,-7.253436262,9.637615808,21800,4,-14.80977776,-6.764949298,-8.044828464
1400000US37183053601,Wake,Rural,0.35,41176,0.37,0.640976101,-16.18700841,34.52165473,9300,5.2,-25.80713475,1.682899932,-27.49003468
1400000US37183053602,Wake,Rural,-2.46,24482,-4.32,1.153338182,-2.670519261,-2.163157282,20800,-1.2,-16.37893082,-2.442729488,-13.93620133
1400000US37183053603,Wake,Urban,0.8,7962,-2.39,0.953652409,-4.771096963,8.996331231,15500,-0.9,-23.67876057,2.047512802,-25.72627337
1400000US37183053604,Wake,Urban,-1.12,30370,2.63,-0.197573538,-9.553722344,-68.73806461,1900,6.7,-29.52367769,1.410306011,-30.9339837
1400000US37183053605,Wake,Urban,-1.21,22604,12.25,1.564310545,-8.124950608,27.69565995,66300,1.8,-15.08060972,0.55559561,-15.63620533
1400000US37183053606,Wake,Urban,3.78,-3979,-8.11,1.289583268,-0.118827981,32.64360327,147400,-3.7,-23.77378145,1.468861511,-25.24264296
1400000US37183053607,Wake,Urban,-1.17,32605,-8.52,4.162115809,4.431027639,-152.3141368,66400,-0.8,-28.17589264,-0.599193477,-27.57669916
1400000US37183053608,Wake,Urban,-8.8,24353,2.31,0.453729072,-12.99183323,-245.6512427,-12700,-1.3,-18.97433312,3.936522205,-22.91085533
1400000US37183053609,Wake,Rural,28.38,12339,-2.67,-5.629196674,-10.09347203,40.64075249,106600,-10.9,-45.14225927,3.108252947,-48.25051221
1400000US37183053610,Wake,Rural,0.13,5373,-0.09,-2.562190989,-0.146623064,-7.670689244,-251200,-1.3,-25.37280368,0.910624632,-26.28342832
1400000US37183053707,Wake,Urban,0.48,10015,6.04,-5.454430394,2.683911804,-2.531890315,23300,3.7,-17.58289523,0.713835643,-18.29673087
1400000US37183053709,Wake,Urban,-0.61,15513,7.51,-1.379359041,-10.17875784,4.789290127,300,5,-22.18144045,-3.352996808,-18.82844364
1400000US37183053711,Wake,Urban,2.62,4555,7.27,-1.212118078,-11.67796812,-38.54730363,25400,-0.8,-26.7054722,-0.65661391,-26.04885829
1400000US37183053712,Wake,Urban,6.08,855,-8.38,1.381780962,9.757761856,-1.075026689,33700,-5.7,-9.628009399,0.191823663,-9.819833061
1400000US37183053713,Wake,Urban,1.6,2948,4.05,-3.294815089,-2.765193093,16.8218088,107300,0.3,-20.43891023,-1.909554031,-18.52935619
1400000US37183053714,Wake,Urban,0.43,14368,12.34,0.227876567,-5.845125557,0.228046228,51500,-1.6,-22.4644303,-4.511712455,-17.95271784
1400000US37183053715,Wake,Urban,-0.08,-1243,7.43,-1.76900013,-3.938860644,12.07104153,33300,-2.1,-13.59893033,1.910050125,-15.50898046
1400000US37183053716,Wake,Urban,0.79,3420,10.07,3.702404502,-10.79360554,-27.65046892,40700,7.1,-17.49276592,0.525666356,-18.01843227
1400000US37183053717,Wake,Urban,2.58,-8852,-1.12,-2.973196133,-0.504478083,14.92458669,17000,-6.2,-20.26418174,-3.388689178,-16.87549256
1400000US37183053718,Wake,Urban,-2.77,13623,3.99,-1.628448325,-10.36528858,22.626815,19800,-0.7,-33.30263427,-3.335442142,-29.96719213
1400000US37183053719,Wake,Urban,-3.17,18767,11.26,1.026830545,-12.00836737,14.93501961,36000,-5.3,-8.719007355,1.14291565,-9.861923005
1400000US37183053720,Wake,Urban,-1.09,6781,-0.41,-1.458619248,2.743738964,-15.79688626,-8200,0,-10.83792294,-1.365261389,-9.472661554
1400000US37183053721,Wake,Urban,-2.1,22554,6.32,-0.273016933,-10.08946946,37.00998646,44300,1.9,-20.29025738,2.249994754,-22.54025213
1400000US37183053722,Wake,Urban,-4.08,-6253,-2.77,1.042897935,4.025200428,-73.21240832,25200,0.2,-9.645166577,0.237588823,-9.8827554
1400000US37183053723,Wake,Urban,-8.03,4165,-4.2,2.513740013,-0.412157644,21.74894886,40800,-2.3,-13.82075343,-0.714411198,-13.10634224
1400000US37183053724,Wake,Urban,-2.23,7472,2.6,-1.23366597,3.395007809,-8.04191947,-5000,-1.8,-15.71708558,2.166683507,-17.88376909
1400000US37183053725,Wake,Urban,-4.76,-72,-1.02,-0.03862886,3.874304255,-42.02610721,34000,-4.2,-25.7501818,0.210925571,-25.96110737
1400000US37183053726,Wake,Urban,-4.97,1759,-3.98,-0.133306783,2.133046807,3.276082272,14600,-6.9,-28.94477903,-2.612470969,-26.33230806
1400000US37183053803,Wake,Urban,2.7,-7636,0.59,1.003367985,-0.825728009,-15.98821699,-1100,-3.2,-23.0116497,3.101225854,-26.11287555
1400000US37183053804,Wake,Rural,2.64,18393,-0.29,-1.772127954,0.401499432,-21.86219981,39700,-4.9,-3.870466948,2.462525198,-6.332992146
1400000US37183053805,Wake,Rural,3.05,30611,8.44,-0.601006985,-5.395642521,32.3778586,34700,5.7,-12.48064656,-2.696962011,-9.783684549
1400000US37183053806,Wake,Urban,-3.27,14704,7.23,2.273874295,-3.71874665,10.22650592,34900,2.6,-6.394451431,-2.561347812,-3.833103619
1400000US37183053807,Wake,Urban,-0.52,6875,2.24,0.859800364,-0.483695508,17.55369157,5900,-7.8,-21.493083,1.176375173,-22.66945818
1400000US37183053808,Wake,Urban,-2.42,-11057,7,0.650108961,-0.959230187,15.91533686,-24200,-0.9,-20.25870039,-0.251749634,-20.00695076
1400000US37183053900,Wake,Rural,-2.6,18393,5.94,-0.257961016,-8.315402004,1.586548806,58600,15.3,-11.52303547,0.922831611,-12.44586708
1400000US37183054001,Wake,Urban,5.06,972,1.45,-2.101933967,3.314741603,-7.173560986,24800,1,-19.99847364,-0.986089313,-19.01238433
1400000US37183054004,Wake,Urban,13.9,2970,1.69,-1.811231287,-1.352667973,-21.09427101,10400,-7,-24.55371028,-0.544104718,-24.00960556
1400000US37183054006,Wake,Urban,-10.37,9551,6.69,-0.148355425,-10.93347981,18.58335135,24800,1.6,-17.34385059,-1.328943615,-16.01490698
1400000US37183054007,Wake,Urban,-2.98,-3348,7.61,4.728953044,-6.518754115,22.29679187,9000,9.1,-7.104209711,-0.011399307,-7.092810403
1400000US37183054008,Wake,Urban,5.17,1459,1.33,-8.681822463,-1.488707625,-9.352200666,7400,7,-22.13689825,1.090996237,-23.22789449
1400000US37183054011,Wake,Urban,2.72,-9558,-3.62,2.483285578,-0.942656048,11.01834063,20600,-1.6,-19.6018214,1.958159117,-21.55998052
1400000US37183054012,Wake,Urban,-1.72,7694,-3.02,4.17744734,0.441024934,40.79921789,12900,1.7,-14.48892844,0.700510222,-15.18943866
1400000US37183054013,Wake,Urban,-0.1,19205,0.99,-0.334166474,1.672961506,-0.730688923,40200,-4,-13.71472152,-0.41163823,-13.30308329
1400000US37183054014,Wake,Urban,5.46,13049,2.55,4.582209963,-14.65299354,-128.3828353,5000,3.9,-16.09620304,1.394267283,-17.49047033
1400000US37183054015,Wake,Urban,-10.52,-20967,1.53,4.281299933,10.36657776,21.14561482,-19500,-9.2,-18.20715774,2.642096495,-20.84925424
1400000US37183054016,Wake,Urban,15.24,-5016,-3.34,2.283384302,4.289997345,-112.1488199,16800,-2.7,-17.49980167,-1.103322449,-16.39647922
1400000US37183054017,Wake,Urban,0.82,3149,1.32,4.797840411,-5.674095284,-10.09911357,-11400,3.9,-16.7729248,0.490533177,-17.26345798
1400000US37183054018,Wake,Urban,2.84,4925,4.76,4.409326425,-27.7694676,44.95600647,-77000,-2.3,-33.81617256,1.516868952,-35.33304152
1400000US37183054104,Wake,Urban,-9.63,4245,-0.99,9.125971448,-2.40523918,1.259583594,7600,-5.5,-16.19023762,-4.033339456,-12.15689817
1400000US37183054105,Wake,Rural,0.36,5648,-1.6,1.566311781,1.730346639,-48.25474369,5400,-0.3,-20.73834878,0.631870781,-21.37021956
1400000US37183054106,Wake,Urban,-2.97,10105,-0.6,3.011691275,-1.889632219,1.431091308,4400,1.9,-14.8389343,-1.678039532,-13.16089477
1400000US37183054108,Wake,Rural,-0.01,-8217,-3.51,-1.834023298,3.871185135,-27.24245486,800,-8,-12.23683576,3.157715201,-15.39455096
1400000US37183054109,Wake,Rural,8.04,-3506,-4,3.686448086,4.635735006,13.61148916,6900,-3.1,-20.56210975,0.78751165,-21.3496214
1400000US37183054110,Wake,Rural,-1.79,17068,0.03,2.044323868,-0.326772461,-125.3074996,25600,3.4,-13.20982664,1.348456545,-14.55828318
1400000US37183054111,Wake,Rural,9.82,14725,-2.66,1.234586063,-4.347689525,6.781112205,59000,-7,-2.33948917,-1.94161356,-0.397875609
1400000US37183054112,Wake,Rural,-2.9,-4203,-7.89,11.41943196,-5.281428269,-12.26117845,16100,-1.5,-11.57220965,-0.070518205,-11.50169145
1400000US37183054113,Wake,Rural,10.05,-4949,-2.22,-5.830430271,10.25912809,12.2434066,-24800,10.8,-8.186546903,-2.77676049,-5.409786413
1400000US37183054114,Wake,Rural,5.48,9952,-2.15,4.108364901,-3.219847392,10.41722807,15800,9.4,-20.82828773,-1.477740417,-19.35054732
1400000US37183054115,Wake,Rural,8.29,532,-1.68,-2.193013534,-2.534346452,-34.43280188,2600,8.8,-10.01206352,0.856429859,-10.86849337
1400000US37183054203,Wake,Urban,-4.71,23794,5.22,0.280509269,-9.065697555,18.11242601,-13300,5.7,-13.29669554,2.61877075,-15.91546629
1400000US37183054204,Wake,Urban,-1.55,3313,-1.83,-2.339287263,7.567252766,-6.314511233,16100,-6,-21.3347078,0.222891113,-21.55759891
1400000US37183054205,Wake,Urban,-3.07,17189,12.81,-5.685185185,-12.48919753,21.1806783,30000,15,-14.96260119,-4.036711146,-10.92589005
1400000US37183054206,Wake,Urban,2.17,16498,-1.91,0.961610771,0.540181165,20.0172421,25900,-0.8,-8.678149676,1.418701062,-10.09685074
1400000US37183054207,Wake,Urban,7.22,-6,-2.42,2.037842862,-1.767873763,-33.6825245,-62400,-1.9,-18.79871147,-3.549488345,-15.24922313
1400000US37183054208,Wake,Urban,0.64,4307,6.43,3.197029803,-10.72067983,22.0862157,54200,-0.5,-19.64199607,-0.062991458,-19.57900461
1400000US37183054209,Wake,Rural,2.25,19658,5.6,-2.622048306,-8.440717194,5.441673726,-2500,0.9,-14.8882825,0.897391551,-15.78567405
1400000US37183054210,Wake,Rural,3.94,21027,3.56,-3.806965379,-2.900043747,10.05551875,15100,6.8,-9.368921252,-0.746582167,-8.622339086
1400000US37183054211,Wake,Rural,1.54,28823,1.56,-8.034794022,0.289890299,-7.99015882,57100,8.5,-15.93728364,1.636240317,-17.57352396
1400000US37183054301,Wake,Rural,-0.38,19928,-0.41,-3.255493683,3.388262285,5.04700943,48100,4.4,-7.831618144,-0.355136221,-7.476481923
1400000US37183054302,Wake,Rural,1.51,7883,-1.61,-5.831353093,0.47538985,1.890102736,6500,9,-12.38122022,-1.825114496,-10.55610572
1400000US37183054402,Wake,Rural,-0.45,10517,1.41,1.179666688,-8.547765636,-5.763807394,14200,9.8,-6.970858708,-0.273793727,-6.697064981
1400000US37183054403,Wake,Rural,-4.91,8520,3.86,-3.456017627,-1.48604669,9.178431259,-6200,8.7,-13.76423616,1.203490121,-14.96772628
1400000US37183054404,Wake,Rural,-5.46,9984,0.34,-6.074194509,3.988846044,6.815192425,11600,-7.2,-5.72968053,5.057656642,-10.78733717
1400000US37183054500,Wake,Rural,-4.23,5303,11.06,-11.31040828,-2.714294237,#DIV/0!,45200,10.3,-21.24995049,-0.587258756,-20.66269173
1400000US37183980100,Wake,Rural,#DIV/0!,#VALUE!,#DIV/0!,#DIV/0!,#DIV/0!,#DIV/0!,#VALUE!,#VALUE!,#DIV/0!,#DIV/0!,#DIV/0!
1400000US37183980200,Wake,Rural,#DIV/0!,#VALUE!,#DIV/0!,#DIV/0!,#DIV/0!,#DIV/0!,#VALUE!,#VALUE!,#DIV/0!,#DIV/0!,#DIV/0!